position_api,position_calculated,title,publication,authors,self_citation_status,matched_text,link,data_cid
1,1,Ovarian aging: mechanisms and clinical consequences,"FJ Broekmans, MR Soules, BC Fauser - Endocrine reviews, 2009 - academic.oup.com",FJ Broekmans; MR Soules; BC Fauser,NO AUTOCITA,,https://academic.oup.com/edrv/article-abstract/30/5/465/2355057,lPrGBG3E1JEJ
2,2,"Sex determination, gonadal sex differentiation, and plasticity in vertebrate species","Y Nagahama, T Chakraborty… - Physiological …, 2021 - journals.physiology.org",Y Nagahama; T Chakraborty,NO AUTOCITA,,https://journals.physiology.org/doi/abs/10.1152/physrev.00044.2019?journalCode=physrev&utm_source=TrendMD&utm_medium=cpc&utm_campaign=Physiological_Reviews_TrendMD_0,rU0BNKa6yEgJ
3,3,Beyond apoptosis: evidence of other regulated cell death pathways in the ovary throughout development and life,"JM Stringer, LR Alesi, AL Winship… - Human Reproduction …, 2023 - academic.oup.com",JM Stringer; LR Alesi; AL Winship,NO AUTOCITA,,https://academic.oup.com/humupd/article-abstract/29/4/434/7060053,PxG_fQIA56YJ
4,4,Single-cell technologies: From research to application,"L Wen, G Li, T Huang, W Geng, H Pei, J Yang, M Zhu… - The Innovation, 2022 - cell.com",L Wen; G Li; T Huang; W Geng; H Pei; J Yang; M Zhu,NO AUTOCITA,,https://www.cell.com/the-innovation/fulltext/S2666-6758(22)00138-2,_sG4gQhj5k4J
5,5,The mammalian ovary from genesis to revelation,"MA Edson, AK Nagaraja, MM Matzuk - Endocrine reviews, 2009 - academic.oup.com",MA Edson; AK Nagaraja; MM Matzuk,NO AUTOCITA,,https://academic.oup.com/edrv/article-abstract/30/6/624/2355078,CuHCaPauHcQJ
6,6,Somatic sex reprogramming of adult ovaries to testes by FOXL2 ablation,"NH Uhlenhaut, S Jakob, K Anlag, T Eisenberger… - Cell, 2009 - cell.com",NH Uhlenhaut; S Jakob; K Anlag; T Eisenberger…,NO AUTOCITA,,https://www.cell.com/fulltext/S0092-8674(09)01433-0?large_figure=true,qOCf0C_oqf4J
7,7,DMRT1 prevents female reprogramming in the postnatal mammalian testis,"CK Matson, MW Murphy, AL Sarver, MD Griswold… - Nature, 2011 - nature.com",CK Matson; MW Murphy; AL Sarver; MD Griswold,NO AUTOCITA,,https://www.nature.com/articles/nature10239,95KW_lntAugJ
8,8,Two distinct pathways of pregranulosa cell differentiation support follicle formation in the mouse ovary,"W Niu, AC Spradling - Proceedings of the National Academy of Sciences, 2020 - pnas.org",W Niu; AC Spradling,NO AUTOCITA,,https://www.pnas.org/doi/abs/10.1073/pnas.2005570117,sChAxoorL9UJ
9,9,Molecular control of oogenesis,"F Sánchez, J Smitz - Biochimica et Biophysica Acta (BBA)-Molecular Basis …, 2012 - Elsevier",F Sánchez; J Smitz,NO AUTOCITA,,https://www.sciencedirect.com/science/article/pii/S0925443912001214,pY7771w9S6kJ
10,10,Sex determination and gonadal development in mammals,"D Wilhelm, S Palmer, P Koopman - Physiological reviews, 2007 - journals.physiology.org",D Wilhelm; S Palmer; P Koopman,NO AUTOCITA,,https://journals.physiology.org/doi/full/10.1152/physrev.00009.2006?fbclid=IwAR0CFgegeqg-ZCFzK5K4tmodoxDTdopjcwbc-R8JSyAQJJ3bpGGKLEI9_a4,2B_AZ-OGgegJ
11,11,The ovary: basic biology and clinical implications,"JAS Richards, SA Pangas - The Journal of clinical investigation, 2010 - jci.org",JAS Richards; SA Pangas,NO AUTOCITA,,https://www.jci.org/articles/view/41350,AVwzuHG8S8MJ
12,12,The disparate origins of ovarian cancers: pathogenesis and prevention strategies,"AN Karnezis, KR Cho, CB Gilks, CL Pearce… - Nature Reviews …, 2017 - nature.com",AN Karnezis; KR Cho; CB Gilks; CL Pearce,NO AUTOCITA,,https://www.nature.com/articles/nrc.2016.113,P8MSbv4D4_sJ
13,13,Ovarian folliculogenesis,"N Rimon-Dahari, L Yerushalmi-Heinemann… - … mechanisms of cell …, 2016 - Springer",N Rimon-Dahari; L Yerushalmi-Heinemann…,NO AUTOCITA,,https://link.springer.com/chapter/10.1007/978-3-319-31973-5_7,4JRMVbswc2gJ
14,14,Impact of NAD+ metabolism on ovarian aging,"J Liang, F Huang, Z Song, R Tang, P Zhang, R Chen - Immunity & Ageing, 2023 - Springer",J Liang; F Huang; Z Song; R Tang; P Zhang; R Chen,NO AUTOCITA,,https://link.springer.com/article/10.1186/s12979-023-00398-w,42ScIerJc_gJ
15,15,Advances in human primordial follicle activation and premature ovarian insufficiency,"EA Ford, EL Beckett, SD Roman… - …, 2020 - rep.bioscientifica.com",EA Ford; EL Beckett; SD Roman,NO AUTOCITA,,https://rep.bioscientifica.com/view/journals/rep/aop/rep-19-0201.xml,YOILBUifjLMJ
16,16,Molecular mechanisms underlying the activation of mammalian primordial follicles,"D Adhikari, K Liu - Endocrine reviews, 2009 - academic.oup.com",D Adhikari; K Liu,NO AUTOCITA,,https://academic.oup.com/edrv/article-abstract/30/5/438/2355046,zKzax81QmKQJ
17,17,Foxl2 up-regulates aromatase gene transcription in a female-specific manner by binding to the promoter as well as interacting with ad4 binding protein/steroidogenic …,"DS Wang, T Kobayashi, LY Zhou… - Molecular …, 2007 - academic.oup.com",DS Wang; T Kobayashi; LY Zhou…,NO AUTOCITA,,https://academic.oup.com/mend/article-abstract/21/3/712/2738429,S2TkpSHjeJ8J
18,18,The role of pituitary gonadotropins and intraovarian regulators in follicle development: A mini‐review,"M Orisaka, Y Miyazaki, A Shirafuji… - Reproductive …, 2021 - Wiley Online Library",M Orisaka; Y Miyazaki; A Shirafuji…,NO AUTOCITA,,https://onlinelibrary.wiley.com/doi/abs/10.1002/rmb2.12371,Bmjo9JcGkEAJ
19,19,Premature ovarian insufficiency: new perspectives on genetic cause and phenotypic spectrum,"EJ Tucker, SR Grover, A Bachelot, P Touraine… - Endocrine …, 2016 - academic.oup.com",EJ Tucker; SR Grover; A Bachelot; P Touraine…,NO AUTOCITA,,https://academic.oup.com/edrv/article-abstract/37/6/609/2691716,r3ero5E-7GEJ
20,20,Mutation of foxl2 or cyp19a1a Results in Female to Male Sex Reversal in XX Nile Tilapia,"X Zhang, M Li, H Ma, X Liu, H Shi, M Li… - Endocrinology, 2017 - academic.oup.com",X Zhang; M Li; H Ma; X Liu; H Shi; M Li…,NO AUTOCITA,,https://academic.oup.com/endo/article-abstract/158/8/2634/3813248,mmz7qu-CTe0J
1,21,Studying ovarian aging and its health impacts: modern tools and approaches,"BA Benayoun, A Kochersberger… - Genes & …, 2025 - genesdev.cshlp.org",BA Benayoun; A Kochersberger…,NO AUTOCITA,,https://genesdev.cshlp.org/content/39/15-16/975.short,5vGbcwqCPKkJ
2,22,Cellular and molecular aspects of ovarian follicle ageing,"C Tatone, F Amicarelli, MC Carbone… - Human reproduction …, 2008 - academic.oup.com",C Tatone; F Amicarelli; MC Carbone…,NO AUTOCITA,,https://academic.oup.com/humupd/article-abstract/14/2/131/610787,hfVQ8NZTic8J
3,23,From primordial germ cell to primordial follicle: mammalian female germ cell development,"ME Pepling - genesis, 2006 - Wiley Online Library",ME Pepling,NO AUTOCITA,,https://onlinelibrary.wiley.com/doi/abs/10.1002/dvg.20258,o7P7RE4IYUUJ
4,24,Dissecting cell lineage specification and sex fate determination in gonadal somatic cells using single-cell transcriptomics,"I Stévant, F Kühne, A Greenfield, MC Chaboissier… - Cell reports, 2019 - cell.com",I Stévant; F Kühne; A Greenfield; MC Chaboissier…,NO AUTOCITA,,https://www.cell.com/cell-reports/fulltext/S2211-1247(19)30248-7,_DOMclxQjmEJ
5,25,"Ovarian follicular theca cell recruitment, differentiation, and impact on fertility: 2017 update","JAS Richards, YA Ren, N Candelaria… - Endocrine …, 2018 - academic.oup.com",JAS Richards; YA Ren; N Candelaria…,NO AUTOCITA,,https://academic.oup.com/edrv/article-abstract/39/1/1/4344811,FUx0V9ulgTkJ
6,26,Genetics of primary ovarian insufficiency,"R Rossetti, I Ferrari, M Bonomi, L Persani - Clinical genetics, 2017 - Wiley Online Library",R Rossetti; I Ferrari; M Bonomi; L Persani,NO AUTOCITA,,https://onlinelibrary.wiley.com/doi/abs/10.1111/cge.12921,IiKSlqpW4mEJ
7,27,Activation of β-catenin signaling by Rspo1 controls differentiation of the mammalian ovary,"AA Chassot, F Ranc, EP Gregoire… - Human molecular …, 2008 - academic.oup.com",AA Chassot; F Ranc; EP Gregoire…,NO AUTOCITA,,https://academic.oup.com/hmg/article-abstract/17/9/1264/570531,kUGtfFg4p74J
8,28,"c-Jun, at the crossroad of the signaling network","Q Meng, Y Xia - Protein & cell, 2011 - academic.oup.com",Q Meng; Y Xia,NO AUTOCITA,,https://academic.oup.com/proteincell/article-abstract/2/11/889/6842711,Pr7H-v5t0aUJ
9,29,Cellular and molecular regulation of the activation of mammalian primordial follicles: somatic cells initiate follicle activation in adulthood,"H Zhang, K Liu - Human reproduction update, 2015 - academic.oup.com",H Zhang; K Liu,NO AUTOCITA,,https://academic.oup.com/humupd/article-abstract/21/6/779/628622,ISrww4U5DEsJ
10,30,Somatic cells initiate primordial follicle activation and govern the development of dormant oocytes in mice,"H Zhang, S Risal, N Gorre, K Busayavalasa, X Li… - Current Biology, 2014 - cell.com",H Zhang; S Risal; N Gorre; K Busayavalasa; X Li…,NO AUTOCITA,,https://www.cell.com/current-biology/fulltext/S0960-9822(14)01144-0,Hv1FjAbyrXEJ
11,31,Human sex reversal is caused by duplication or deletion of core enhancers upstream of SOX9,"B Croft, T Ohnesorg, J Hewitt, J Bowles, A Quinn… - Nature …, 2018 - nature.com",B Croft; T Ohnesorg; J Hewitt; J Bowles; A Quinn,NO AUTOCITA,,https://www.nature.com/articles/s41467-018-07784-9,dPigeTlLDRoJ
12,32,Forkhead transcription factors: key players in health and disease,"BA Benayoun, S Caburet, RA Veitia - Trends in Genetics, 2011 - cell.com",BA Benayoun; S Caburet; RA Veitia,NO AUTOCITA,,https://www.cell.com/trends/genetics/abstract/S0168-9525(11)00044-8,7PnwsokeedsJ
13,33,Age-related changes in Folliculogenesis and potential modifiers to improve fertility outcomes-A narrative review,"E Esencan, G Beroukhim, DB Seifer - Reproductive biology and …, 2022 - Springer",E Esencan; G Beroukhim; DB Seifer,NO AUTOCITA,,https://link.springer.com/article/10.1186/s12958-022-01033-x,PgufXkXoFSoJ
14,34,Lineage specification of ovarian theca cells requires multicellular interactions via oocyte and granulosa cells,"C Liu, J Peng, MM Matzuk, HHC Yao - Nature communications, 2015 - nature.com",C Liu; J Peng; MM Matzuk; HHC Yao,NO AUTOCITA,,https://www.nature.com/articles/ncomms7934,CwxDYWdcDs8J
15,35,"Does size matter in females? An overview of the impact of the high variation in the ovarian reserve on ovarian function and fertility, utility of anti-Müllerian hormone as …","JJ Ireland, GW Smith, D Scheetz… - Reproduction …, 2010 - CSIRO Publishing",JJ Ireland; GW Smith; D Scheetz…,NO AUTOCITA,,https://www.publish.csiro.au/RD/RD10226,lJ1bXe1kk00J
16,36,Recent advances in understanding primary ovarian insufficiency,"V Wesevich, AN Kellen, L Pal - F1000Research, 2020 - pmc.ncbi.nlm.nih.gov",V Wesevich; AN Kellen; L Pal,NO AUTOCITA,,https://pmc.ncbi.nlm.nih.gov/articles/PMC7477642/,IdV7U4G3yY4J
17,37,At the crossroads of fate—somatic cell lineage specification in the fetal gonad,"E Rotgers, A Jørgensen, HHC Yao - Endocrine reviews, 2018 - academic.oup.com",E Rotgers; A Jørgensen; HHC Yao,NO AUTOCITA,,https://academic.oup.com/edrv/article-abstract/39/5/739/4995802,QeZ2tXQI5YMJ
18,38,Two classes of ovarian primordial follicles exhibit distinct developmental dynamics and physiological functions,"W Zheng, H Zhang, N Gorre, S Risal… - Human molecular …, 2014 - academic.oup.com",W Zheng; H Zhang; N Gorre; S Risal…,NO AUTOCITA,,https://academic.oup.com/hmg/article-abstract/23/4/920/635594,OipvuD7f8wMJ
19,39,Follicle numbers are highly repeatable within individual animals but are inversely correlated with FSH concentrations and the proportion of good-quality embryos after …,"JJ Ireland, F Ward, F Jimenez-Krassel… - Human …, 2007 - academic.oup.com",JJ Ireland; F Ward; F Jimenez-Krassel…,NO AUTOCITA,,https://academic.oup.com/humrep/article-abstract/22/6/1687/610956,cNBOAinMBt8J
20,40,"Sequential, Divergent, and Cooperative Requirements of Foxl2a and Foxl2b in Ovary Development and Maintenance of Zebrafish","YJ Yang, Y Wang, Z Li, L Zhou, JF Gui - Genetics, 2017 - academic.oup.com",YJ Yang; Y Wang; Z Li; L Zhou; JF Gui,NO AUTOCITA,,https://academic.oup.com/genetics/article-abstract/205/4/1551/6066435,O0QYiJhQK8sJ
1,41,Antagonistic roles of Dmrt1 and Foxl2 in sex differentiation via estrogen production in tilapia as demonstrated by TALENs,"MH Li, HH Yang, MR Li, YL Sun, XL Jiang… - …, 2013 - academic.oup.com",MH Li; HH Yang; MR Li; YL Sun; XL Jiang…,NO AUTOCITA,,https://academic.oup.com/endo/article-abstract/154/12/4814/2433363,VdvKSsKUrYEJ
2,42,Temporal differences in granulosa cell specification in the ovary reflect distinct follicle fates in mice,"L Mork, DM Maatouk, JA McMahon, JJ Guo… - Biology of …, 2012 - academic.oup.com",L Mork; DM Maatouk; JA McMahon; JJ Guo,NO AUTOCITA,,"https://academic.oup.com/biolreprod/article-abstract/86/2/37,%201-9/2530631",p8CT6cSObigJ
3,43,In-depth analysis of transcriptomes in ovarian cortical follicles from children and adults reveals interfollicular heterogeneity,"I Rooda, J Hassan, J Hao, M Wagner… - Nature …, 2024 - nature.com",I Rooda; J Hassan; J Hao; M Wagner…,NO AUTOCITA,,https://www.nature.com/articles/s41467-024-51185-0,j23cX02nFwcJ
4,44,Foxl2 is required for commitment to ovary differentiation,"C Ottolenghi, S Omari, JE Garcia-Ortiz… - Human molecular …, 2005 - academic.oup.com",C Ottolenghi; S Omari; JE Garcia-Ortiz,AUTOCITA,JE Garcia-Ortiz,https://academic.oup.com/hmg/article-abstract/14/14/2053/608378,6E2CQCg_VMAJ
5,45,"Molecular regulation of follicle-stimulating hormone synthesis, secretion and action","N Das, TR Kumar - Journal of molecular endocrinology, 2018 - jme.bioscientifica.com",N Das; TR Kumar,NO AUTOCITA,,https://jme.bioscientifica.com/view/journals/jme/60/3/JME-17-0308.xml,HovEiqwngOcJ
6,46,Genes involved in human premature ovarian failure,"L Persani, R Rossetti… - Journal of molecular …, 2010 - endocrinology-journals.org",L Persani; R Rossetti,NO AUTOCITA,,https://www.endocrinology-journals.org/jme-sub/cgi/content/full/45/5/257.html,BO9bB4IARyUJ
7,47,Loss of Wnt4 and Foxl2 leads to female-to-male sex reversal extending to germ cells,"C Ottolenghi, E Pelosi, J Tran… - Human molecular …, 2007 - academic.oup.com",C Ottolenghi; E Pelosi; J Tran,NO AUTOCITA,,https://academic.oup.com/hmg/article-abstract/16/23/2795/555516,xRXV97cxPccJ
8,48,Comparing the DNA hypermethylome with gene mutations in human colorectal cancer,"KE Schuebel, W Chen, L Cope, SC Glöckner… - PLoS …, 2007 - journals.plos.org",KE Schuebel; W Chen; L Cope; SC Glöckner…,NO AUTOCITA,,https://journals.plos.org/plosgenetics/article?id=10.1371/journal.pgen.0030157,DCa0_w97Bt4J
9,49,Mechanisms maintaining the dormancy and survival of mammalian primordial follicles,"P Reddy, W Zheng, K Liu - Trends in Endocrinology & Metabolism, 2010 - cell.com",P Reddy; W Zheng; K Liu,NO AUTOCITA,,https://www.cell.com/trends/endocrinology-metabolism/fulltext/S1043-2760(09)00160-X?script=true&code=cell-site,DNcdeWyyhW4J
10,50,Germ line control of female sex determination in zebrafish,"KR Siegfried, C Nüsslein-Volhard - Developmental biology, 2008 - Elsevier",KR Siegfried; C Nüsslein-Volhard,NO AUTOCITA,,https://www.sciencedirect.com/science/article/pii/S0012160608012384,HNjKiTTzu3gJ
11,51,FOXL2 is a female sex-determining gene in the goat,"L Boulanger, M Pannetier, L Gall, A Allais-Bonnet… - Current Biology, 2014 - cell.com",L Boulanger; M Pannetier; L Gall; A Allais-Bonnet…,NO AUTOCITA,,https://www.cell.com/current-biology/fulltext/S0960-9822(13)01598-4,9mWmuAHbbTEJ
12,52,Follicular assembly: mechanisms of action,"ME Pepling - Reproduction, 2012 - academic.oup.com",ME Pepling,NO AUTOCITA,,https://academic.oup.com/reproduction/article-abstract/143/2/139/8243430,NQ8GVSfzS3IJ
13,53,Forkhead transcription factors in health and disease,"L Herman, AL Todeschini, RA Veitia - Trends in Genetics, 2021 - cell.com",L Herman; AL Todeschini; RA Veitia,NO AUTOCITA,,https://www.cell.com/trends/genetics/abstract/S0168-9525(20)30308-5,TiCKEvYi7SIJ
14,54,Impaired kisspeptin signaling decreases metabolism and promotes glucose intolerance and obesity,"KP Tolson, C Garcia, S Yen, S Simonds… - The Journal of clinical …, 2014 - jci.org",KP Tolson; C Garcia; S Yen; S Simonds…,NO AUTOCITA,,https://www.jci.org/articles/view/71075,kiyyEuJ0RjQJ
15,55,FOXL2: a central transcription factor of the ovary,"A Georges, A Auguste, L Bessiere… - Journal of …, 2014 - jme.bioscientifica.com",A Georges; A Auguste; L Bessiere…,NO AUTOCITA,,https://jme.bioscientifica.com/view/journals/jme/52/1/R17.xml,JgDcPo5POosJ
16,56,Premature ovarian insufficiency: pathogenesis and therapeutic potential of mesenchymal stem cell,"A Takahashi, A Yousif, L Hong, II Chefetz - Journal of Molecular Medicine, 2021 - Springer",A Takahashi; A Yousif; L Hong; II Chefetz,NO AUTOCITA,,https://link.springer.com/article/10.1007/s00109-021-02055-5,AKvPA-zPOdIJ
17,57,Oocyte aging: the role of cellular and environmental factors and impact on female fertility,"TA Ahmed, SM Ahmed, Z El-Gammal… - Cell Biology and …, 2019 - Springer",TA Ahmed; SM Ahmed; Z El-Gammal,NO AUTOCITA,,https://link.springer.com/chapter/10.1007/5584_2019_456,x0M0-T12aocJ
18,58,Characterization of Gonadal Transcriptomes from Nile Tilapia (Oreochromis niloticus) Reveals Differentially Expressed Genes,"W Tao, J Yuan, L Zhou, L Sun, Y Sun, S Yang, M Li… - PloS one, 2013 - journals.plos.org",W Tao; J Yuan; L Zhou; L Sun; Y Sun; S Yang; M Li…,NO AUTOCITA,,https://journals.plos.org/plosone/article?id=10.1371/journal.pone.0063604,Xgvbg1oCh-sJ
19,59,The primordial pool of follicles and nest breakdown in mammalian ovaries,"C Tingen, A Kim, TK Woodruff - Molecular human reproduction, 2009 - academic.oup.com",C Tingen; A Kim; TK Woodruff,NO AUTOCITA,,https://academic.oup.com/molehr/article-abstract/15/12/795/1048275,jtU_W6yv5qwJ
20,60,Gametogenesis: A journey from inception to conception,"H Larose, AN Shami, H Abbott, G Manske, L Lei… - Current topics in …, 2019 - Elsevier",H Larose; AN Shami; H Abbott; G Manske; L Lei,NO AUTOCITA,,https://www.sciencedirect.com/science/article/pii/S0070215318301054,YueKH7jD8r8J
1,61,SOX genes and their role in disorders of sex development,"R Sreenivasan, N Gonen, A Sinclair - Sexual Development, 2022 - karger.com",R Sreenivasan; N Gonen; A Sinclair,NO AUTOCITA,,https://karger.com/sxd/article/16/2-3/80/827005,svwOjIYIDT0J
2,62,Control of mammalian oocyte growth and early follicular development by the oocyte PI3 kinase pathway: new roles for an old timer,"K Liu, S Rajareddy, L Liu, K Jagarlamudi, K Boman… - Developmental …, 2006 - Elsevier",K Liu; S Rajareddy; L Liu; K Jagarlamudi; K Boman…,NO AUTOCITA,,https://www.sciencedirect.com/science/article/pii/S0012160606010505,I6dAl0BSvLIJ
3,63,Mitochondrial functions on oocytes and preimplantation embryos,"L Wang, D Wang, X Zou, C Xu - Journal of Zhejiang University Science B, 2009 - Springer",L Wang; D Wang; X Zou; C Xu,NO AUTOCITA,,https://link.springer.com/article/10.1631/jzus.B0820379,gIzTSoo7CAsJ
4,64,Molecular pathogenesis of granulosa cell tumors of the ovary,"S Jamieson, PJ Fuller - Endocrine reviews, 2012 - academic.oup.com",S Jamieson; PJ Fuller,NO AUTOCITA,,https://academic.oup.com/edrv/article-abstract/33/1/109/2354849,WLYb51UkyHUJ
5,65,Ovarian follicle depletion induced by chemotherapy and the investigational stages of potential fertility-protective treatments—a review,"X Hao, A Anastácio, K Liu… - International journal of …, 2019 - mdpi.com",X Hao; A Anastácio; K Liu…,NO AUTOCITA,,https://www.mdpi.com/1422-0067/20/19/4720,qShiN3dHrtgJ
6,66,miRNAs as a novel clinical biomarker and therapeutic targets in polycystic ovary syndrome (PCOS): A review,"M Abdalla, H Deshmukh, SL Atkin, T Sathyapalan - Life sciences, 2020 - Elsevier",M Abdalla; H Deshmukh; SL Atkin; T Sathyapalan,NO AUTOCITA,,https://www.sciencedirect.com/science/article/pii/S0024320520309267,gIkT4vWRW7kJ
7,67,MicroRNAs related to polycystic ovary syndrome (PCOS),"AE Sørensen, ML Wissing, S Salö, ALM Englund… - Genes, 2014 - mdpi.com",AE Sørensen; ML Wissing; S Salö; ALM Englund…,NO AUTOCITA,,https://www.mdpi.com/2073-4425/5/3/684,psQqJnm1P5YJ
8,68,A critical time window of Sry action in gonadal sex determination in mice,"R Hiramatsu, S Matoba, M Kanai-Azuma, N Tsunekawa… - 2009 - journals.biologists.com",R Hiramatsu; S Matoba; M Kanai-Azuma; N Tsunekawa…,NO AUTOCITA,,https://journals.biologists.com/dev/article-abstract/136/1/129/65122,daWW91a22IAJ
9,69,Zebrafish as a model for studying ovarian development: Recent advances from targeted gene knockout studies,"J Li, W Ge - Molecular and cellular endocrinology, 2020 - Elsevier",J Li; W Ge,NO AUTOCITA,,https://www.sciencedirect.com/science/article/pii/S0303720720300782,GNaCdL0uRZwJ
10,70,FOXL2 activates P450 aromatase gene transcription: towards a better characterization of the early steps of mammalian ovarian development,"M Pannetier, S Fabre, F Batista… - Journal of …, 2006 - jme.bioscientifica.com",M Pannetier; S Fabre; F Batista…,NO AUTOCITA,,https://jme.bioscientifica.com/view/journals/jme/36/3/0360399.xml,PSgQi1dKCH0J
11,71,Sry and SoxE genes: How they participate in mammalian sex determination and gonadal development?,"ZY She, WX Yang - Seminars in Cell & Developmental Biology, 2017 - Elsevier",ZY She; WX Yang,NO AUTOCITA,,https://www.sciencedirect.com/science/article/pii/S1084952116302361,DAztEW_EDEUJ
12,72,Establishment and depletion of the ovarian reserve: physiology and impact of environmental chemicals,"W Ge, L Li, PW Dyce, M De Felici, W Shen - Cellular and Molecular Life …, 2019 - Springer",W Ge; L Li; PW Dyce; M De Felici; W Shen,NO AUTOCITA,,https://link.springer.com/article/10.1007/s00018-019-03028-1,2aykbgSzCyYJ
13,73,The differentiation fate of granulosa cells and the regulatory mechanism in ovary,"Y Chen, S Wang, C Zhang - Reproductive Sciences, 2025 - Springer",Y Chen; S Wang; C Zhang,NO AUTOCITA,,https://link.springer.com/article/10.1007/s43032-024-01682-w,DL7_RG63bcAJ
14,74,Age-dependent changes in the expression of superoxide dismutases and catalase are associated with ultrastructural modifications in human granulosa cells,"C Tatone, MC Carbone, S Falone… - Molecular human …, 2006 - academic.oup.com",C Tatone; MC Carbone; S Falone,NO AUTOCITA,,https://academic.oup.com/molehr/article-abstract/12/11/655/1200674,MQ4uDvBSAq0J
15,75,Unveiling the role of FOXL2 in female differentiation and disease: a comprehensive review,"J He, Z Wang, L Yang, Y Jiang, G Yan… - Biology of …, 2025 - academic.oup.com",J He; Z Wang; L Yang; Y Jiang; G Yan…,NO AUTOCITA,,https://academic.oup.com/biolreprod/article-abstract/112/4/600/8026378,muOkjHkhkfgJ
16,76,Transcription factor FIGLA is mutated in patients with premature ovarian failure,"H Zhao, ZJ Chen, Y Qin, Y Shi, S Wang, Y Choi… - The American Journal of …, 2008 - cell.com",H Zhao; ZJ Chen; Y Qin; Y Shi; S Wang; Y Choi,NO AUTOCITA,,https://www.cell.com/ajhg/fulltext/S0002-9297(08)00306-6,p16YcO5fRRIJ
17,77,Maintaining differentiated cellular identity,"J Holmberg, T Perlmann - Nature Reviews Genetics, 2012 - nature.com",J Holmberg; T Perlmann,NO AUTOCITA,,https://www.nature.com/articles/nrg3209,vroRd9IQr6AJ
18,78,Differentiation therapy and the mechanisms that terminate cancer cell proliferation without harming normal cells,"FO Enane, Y Saunthararajah, M Korc - Cell death & disease, 2018 - nature.com",FO Enane; Y Saunthararajah; M Korc,NO AUTOCITA,,https://www.nature.com/articles/s41419-018-0919-9,V8IXRu_SkhQJ
19,79,"Interplay of oxidative stress, autophagy, and Rubicon in ovarian follicle dynamics: orchestrating ovarian aging","K Yamada, M Ito, H Nunomura, T Nishigori, A Furuta… - Antioxidants, 2025 - mdpi.com",K Yamada; M Ito; H Nunomura; T Nishigori; A Furuta…,NO AUTOCITA,,https://www.mdpi.com/2076-3921/14/8/919,tuHyOBbQsPUJ
20,80,Genetic aspects of premature ovarian failure: a literature review,"EB Cordts, DM Christofolini, AA Dos Santos… - Archives of Gynecology …, 2011 - Springer",EB Cordts; DM Christofolini; AA Dos Santos…,NO AUTOCITA,,https://link.springer.com/article/10.1007/s00404-010-1815-4,R1_7RtlyBXAJ
1,81,RUNX1 maintains the identity of the fetal ovary through an interplay with FOXL2,"B Nicol, SA Grimm, F Chalmel, E Lecluze… - Nature …, 2019 - nature.com",B Nicol; SA Grimm; F Chalmel; E Lecluze…,NO AUTOCITA,,https://www.nature.com/articles/s41467-019-13060-1,7DlBOk4ubYcJ
2,82,Foxl2 and its relatives are evolutionary conserved players in gonadal sex differentiation,"S Bertho, J Pasquier, Q Pan, G Le Trionnaire… - Sexual …, 2016 - karger.com",S Bertho; J Pasquier; Q Pan; G Le Trionnaire…,NO AUTOCITA,,https://karger.com/sxd/article/10/3/111/305220,slXmFDJ4X8oJ
3,83,A new model of development of the mammalian ovary and follicles,"K Hummitzsch, HF Irving-Rodgers, N Hatzirodos… - PloS one, 2013 - journals.plos.org",K Hummitzsch; HF Irving-Rodgers; N Hatzirodos…,NO AUTOCITA,,https://journals.plos.org/plosone/article?id=10.1371/journal.pone.0055578,vK_qdjHO5sAJ
4,84,Functional roles of the phosphatidylinositol 3-kinases (PI3Ks) signaling in the mammalian ovary,"W Zheng, G Nagaraju, Z Liu, K Liu - Molecular and cellular endocrinology, 2012 - Elsevier",W Zheng; G Nagaraju; Z Liu; K Liu,NO AUTOCITA,,https://www.sciencedirect.com/science/article/pii/S0303720711002796,jCVpAg7WVsoJ
5,85,Implications of nonphysiological ovarian primordial follicle activation for fertility preservation,"J Grosbois, M Devos, I Demeestere - Endocrine reviews, 2020 - academic.oup.com",J Grosbois; M Devos; I Demeestere,NO AUTOCITA,,https://academic.oup.com/edrv/article-abstract/41/6/847/5882019,kSUGTHPy5CMJ
6,86,Driving folliculogenesis by the oocyte-somatic cell dialog: Lessons from genetic models,"D Monniaux - Theriogenology, 2016 - Elsevier",D Monniaux,NO AUTOCITA,,https://www.sciencedirect.com/science/article/pii/S0093691X16300486,hUQZu34FLeoJ
7,87,Isolation of chicken homolog of the FOXL2 gene and comparison of its expression patterns with those of aromatase during ovarian development,"MS Govoroun, M Pannetier, E Pailhoux… - … dynamics: an official …, 2004 - Wiley Online Library",MS Govoroun; M Pannetier; E Pailhoux…,NO AUTOCITA,,https://anatomypubs.onlinelibrary.wiley.com/doi/abs/10.1002/dvdy.20189,Lufo6FDA3TgJ
8,88,"Molecular cloning and analysis of gonadal expression of Foxl2 in the medaka, Oryzias latipes","M Nakamoto, M Matsuda, DS Wang… - Biochemical and …, 2006 - Elsevier",M Nakamoto; M Matsuda; DS Wang…,NO AUTOCITA,,https://www.sciencedirect.com/science/article/pii/S0006291X06006206,grUul1sPKOkJ
9,89,"Molecular biological, physiological, cytological, and epigenetic mechanisms of environmental sex differentiation in teleosts: A systematic review","Y Yu, M Chen, ZG Shen - Ecotoxicology and Environmental Safety, 2023 - Elsevier",Y Yu; M Chen; ZG Shen,NO AUTOCITA,,https://www.sciencedirect.com/science/article/pii/S0147651323011582,fre99AguE1EJ
10,90,Pituitary gland development and disease: from stem cell to hormone production,"SW Davis, BS Ellsworth, MIP Millan, P Gergics… - Current topics in …, 2013 - Elsevier",SW Davis; BS Ellsworth; MIP Millan; P Gergics…,NO AUTOCITA,,https://www.sciencedirect.com/science/article/pii/B9780124160217000018,g0h4t2mEmxYJ
11,91,Morphology and Physiology of the Ovary,"CJ Williams, GF Erickson - Endotext [Internet], 2012 - ncbi.nlm.nih.gov",CJ Williams; GF Erickson,NO AUTOCITA,,https://www.ncbi.nlm.nih.gov/books/NBK278951/,xLtuUg4z8AIJ
12,92,Molecular players involved in temperature-dependent sex determination and sex differentiation in Teleost fish,"ZG Shen, HP Wang - Genetics Selection Evolution, 2014 - Springer",ZG Shen; HP Wang,NO AUTOCITA,,https://link.springer.com/article/10.1186/1297-9686-46-26,YexmwbsU_aAJ
13,93,Sex determination and gonadal sex differentiation in the chicken model,"CE Hirst, AT Major, CA Smith - International Journal of …, 2018 - scholar.archive.org",CE Hirst; AT Major; CA Smith,NO AUTOCITA,,https://scholar.archive.org/work/bwtumvy7mvhh7b4vxziqvrzr7a/access/wayback/http://pdfs.semanticscholar.org/49bb/826fff3696ee060fc6cfa4dc62ea8fbfdf5f.pdf,H_sq5Q0Xq4wJ
14,94,Polycomb repressive complex 1 modulates granulosa cell proliferation in early folliculogenesis to support female reproduction,"M Gao, T Zhang, T Chen, Z Chen, Z Zhu, Y Wen… - …, 2024 - pmc.ncbi.nlm.nih.gov",M Gao; T Zhang; T Chen; Z Chen; Z Zhu; Y Wen…,NO AUTOCITA,,https://pmc.ncbi.nlm.nih.gov/articles/PMC10879878/,e0D5xSjV5HgJ
15,95,Sex determination and maintenance: the role of DMRT1 and FOXL2,"S Huang, L Ye, H Chen - Asian journal of andrology, 2017 - journals.lww.com",S Huang; L Ye; H Chen,NO AUTOCITA,,https://journals.lww.com/ajandrology/fulltext/2017/19060/Sex_determination_and_maintenance__the_role_of.2.aspx,E1qVsdI8UlcJ
16,96,"Disorders of sex development—novel regulators, impacts on fertility, and options for fertility preservation","NL Gomes, T Chetty, A Jorgensen… - International Journal of …, 2020 - mdpi.com",NL Gomes; T Chetty; A Jorgensen…,NO AUTOCITA,,https://www.mdpi.com/1422-0067/21/7/2282,wRH0PSu5lggJ
17,97,"Women's health, hormonal balance, and personal autonomy","I Segarra, M Menárguez, MV Roqué - Frontiers in medicine, 2023 - frontiersin.org",I Segarra; M Menárguez; MV Roqué,NO AUTOCITA,,https://www.frontiersin.org/journals/medicine/articles/10.3389/fmed.2023.1167504/full,Sv1BLd3-ywUJ
18,98,The genetics and biology of FOXL2,"EJ Tucker - Sexual Development, 2022 - karger.com",EJ Tucker,NO AUTOCITA,,https://karger.com/sxd/article/16/2-3/184/827012,11aSajcxU-sJ
19,99,Prenatal exposure to diethylstilbestrol has multigenerational effects on folliculogenesis,"RE Rogers, KA Fowler, AJ Pask, DM Mattiske - Scientific Reports, 2024 - nature.com",RE Rogers; KA Fowler; AJ Pask; DM Mattiske,NO AUTOCITA,,https://www.nature.com/articles/s41598-024-81093-8,t6FDFldN1DcJ
20,100,MicroRNA-133b stimulates ovarian estradiol synthesis by targeting Foxl2,"A Dai, H Sun, T Fang, Q Zhang, S Wu, Y Jiang, L Ding… - FEBS letters, 2013 - Elsevier",A Dai; H Sun; T Fang; Q Zhang; S Wu; Y Jiang; L Ding…,NO AUTOCITA,,https://www.sciencedirect.com/science/article/pii/S001457931300481X,81SdGgLGW4EJ
1,101,Adult-type granulosa cell tumor of the ovary,"X Li, B Tian, M Liu, C Miao… - American journal of …, 2022 - pmc.ncbi.nlm.nih.gov",X Li; B Tian; M Liu; C Miao…,NO AUTOCITA,,https://pmc.ncbi.nlm.nih.gov/articles/PMC9442026/,L57sQKQleVYJ
2,102,Ovarian follicle development and transgenic mouse models,"KR Barnett, C Schilling, CR Greenfeld… - Human reproduction …, 2006 - academic.oup.com",KR Barnett; C Schilling; CR Greenfeld…,NO AUTOCITA,,https://academic.oup.com/humupd/article-abstract/12/5/537/777313,bZbdrdIWjgsJ
3,103,Molecular mechanisms of pituitary organogenesis: in search of novel regulatory genes,"SW Davis, F Castinetti, LR Carvalho… - Molecular and cellular …, 2010 - Elsevier",SW Davis; F Castinetti; LR Carvalho,NO AUTOCITA,,https://www.sciencedirect.com/science/article/pii/S0303720709006200,d2L1HRZQ6SAJ
4,104,Transdifferentiation of differentiated ovary into functional testis by long-term treatment of aromatase inhibitor in Nile tilapia,"LN Sun, XL Jiang, QP Xie, J Yuan, BF Huang… - …, 2014 - academic.oup.com",LN Sun; XL Jiang; QP Xie; J Yuan; BF Huang…,NO AUTOCITA,,https://academic.oup.com/endo/article-abstract/155/4/1476/2423410,ApT1AIWAhx8J
5,105,FOXL2 interaction with different binding partners regulates the dynamics of ovarian development,"R Migale, M Neumann, R Mitter, MR Rafiee… - Science …, 2024 - science.org",R Migale; M Neumann; R Mitter; MR Rafiee,NO AUTOCITA,,https://www.science.org/doi/abs/10.1126/sciadv.adl0788,e9aBnW1UX-MJ
6,106,Regulatory impact factors: unraveling the transcriptional regulation of complex traits from expression data,"A Reverter, NJ Hudson, SH Nagaraj… - …, 2010 - academic.oup.com",A Reverter; NJ Hudson; SH Nagaraj,NO AUTOCITA,,https://academic.oup.com/bioinformatics/article-abstract/26/7/896/212064,lYJWvAPapRcJ
7,107,Mechanisms controlling germline cyst breakdown and primordial follicle formation,"C Wang, B Zhou, G Xia - Cellular and Molecular Life Sciences, 2017 - Springer",C Wang; B Zhou; G Xia,NO AUTOCITA,,https://link.springer.com/article/10.1007/s00018-017-2480-6,xXfYYZcPWVQJ
8,108,HIF1 driven transcriptional activity regulates steroidogenesis and proliferation of bovine granulosa cells,"VS Baddela, A Sharma, M Michaelis, J Vanselow - Scientific reports, 2020 - nature.com",VS Baddela; A Sharma; M Michaelis; J Vanselow,NO AUTOCITA,,https://www.nature.com/articles/s41598-020-60935-1,kAm8ZaL--3IJ
9,109,Suppression of Notch signaling in the neonatal mouse ovary decreases primordial follicle formation,"DJ Trombly, TK Woodruff, KE Mayo - Endocrinology, 2009 - academic.oup.com",DJ Trombly; TK Woodruff; KE Mayo,NO AUTOCITA,,https://academic.oup.com/endo/article-abstract/150/2/1014/2455733,RJ1XaJH_5z8J
10,110,Constitutively active Foxo3 in oocytes preserves ovarian reserve in mice,"E Pelosi, S Omari, M Michel, J Ding, T Amano… - Nature …, 2013 - nature.com",E Pelosi; S Omari; M Michel; J Ding; T Amano…,NO AUTOCITA,,https://www.nature.com/articles/ncomms2861,eyqBqY-PJvcJ
11,111,Becoming female: Ovarian differentiation from an evolutionary perspective,"B Nicol, MA Estermann, HHC Yao… - Frontiers in Cell and …, 2022 - frontiersin.org",B Nicol; MA Estermann; HHC Yao,NO AUTOCITA,,https://www.frontiersin.org/journals/cell-and-developmental-biology/articles/10.3389/fcell.2022.944776/full,dUmo1SpqhVsJ
12,112,Sex determination and sexual differentiation in the avian model,"J Chue, CA Smith - The FEBS journal, 2011 - Wiley Online Library",J Chue; CA Smith,NO AUTOCITA,,https://febs.onlinelibrary.wiley.com/doi/abs/10.1111/j.1742-4658.2011.08032.x,wjBP1Tp1fuAJ
13,113,"Identification of male-specific amh duplication, sexually differentially expressed genes and microRNAs at early embryonic development of Nile tilapia (Oreochromis …","O Eshel, A Shirak, L Dor, M Band, T Zak… - BMC genomics, 2014 - Springer",O Eshel; A Shirak; L Dor; M Band; T Zak…,NO AUTOCITA,,https://link.springer.com/article/10.1186/1471-2164-15-774,iETD1IdmAHgJ
14,114,FSH and FOXO1 regulate genes in the sterol/steroid and lipid biosynthetic pathways in granulosa cells,"Z Liu, MD Rudd, I Hernandez-Gonzalez… - Molecular …, 2009 - academic.oup.com",Z Liu; MD Rudd; I Hernandez-Gonzalez…,NO AUTOCITA,,https://academic.oup.com/mend/article-abstract/23/5/649/2661271,DVcUjri53PYJ
15,115,The mouse Balbiani body regulates primary oocyte quiescence via RNA storage,"L Lei, K Ikami, EA Diaz Miranda, S Ko, F Wilson… - Communications …, 2024 - nature.com",L Lei; K Ikami; EA Diaz Miranda; S Ko; F Wilson…,NO AUTOCITA,,https://www.nature.com/articles/s42003-024-06900-4,L66EJsAyo8gJ
16,116,The transcription factor encyclopedia,"D Yusuf, SL Butland, MI Swanson, E Bolotin, A Ticoll… - Genome biology, 2012 - Springer",D Yusuf; SL Butland; MI Swanson; E Bolotin; A Ticoll…,NO AUTOCITA,,https://link.springer.com/article/10.1186/gb-2012-13-3-r24,d62LxtbtES8J
17,117,Oogenesis: transcriptional regulators and mouse models,"K Jagarlamudi, A Rajkovic - Molecular and cellular endocrinology, 2012 - Elsevier",K Jagarlamudi; A Rajkovic,NO AUTOCITA,,https://www.sciencedirect.com/science/article/pii/S030372071100462X,xK-60ACPTe0J
18,118,The regulation of Sox9 expression in the gonad,"N Gonen, R Lovell-Badge - Current topics in developmental biology, 2019 - Elsevier",N Gonen; R Lovell-Badge,NO AUTOCITA,,https://www.sciencedirect.com/science/article/pii/S0070215319300043,yIHF1t6aV98J
19,119,Just how conserved is vertebrate sex determination?,"A Cutting, J Chue, CA Smith - Developmental Dynamics, 2013 - Wiley Online Library",A Cutting; J Chue; CA Smith,NO AUTOCITA,,https://anatomypubs.onlinelibrary.wiley.com/doi/abs/10.1002/dvdy.23944,JPJCUpffImwJ
20,120,Aromatase is a direct target of FOXL2: C134W in granulosa cell tumors via a single highly conserved binding site in the ovarian specific promoter,"NI Fleming, KC Knower, KA Lazarus, PJ Fuller… - PloS one, 2010 - journals.plos.org",NI Fleming; KC Knower; KA Lazarus; PJ Fuller…,NO AUTOCITA,,https://journals.plos.org/plosone/article?id=10.1371/journal.pone.0014389,exDWBbyN-OgJ
1,121,Granulosa cells from human primordial and primary follicles show differential global gene expression profiles,"EH Ernst, S Franks, K Hardy, P Villesen… - Human …, 2018 - academic.oup.com",EH Ernst; S Franks; K Hardy; P Villesen,NO AUTOCITA,,https://academic.oup.com/humrep/article-abstract/33/4/666/4915549,Lvz6EVndqScJ
2,122,Loss of mitogen-activated protein kinase kinase kinase 4 (MAP3K4) reveals a requirement for MAPK signalling in mouse sex determination,"D Bogani, P Siggers, R Brixey, N Warr, S Beddow… - PLoS …, 2009 - journals.plos.org",D Bogani; P Siggers; R Brixey; N Warr; S Beddow…,NO AUTOCITA,,https://journals.plos.org/plosbiology/article?id=10.1371/journal.pbio.1000196,sKKMg9rMRR8J
3,123,The oncogenic FOXL2 C134W mutation is a key driver of granulosa cell tumors,"E Llano, AL Todeschini, N Felipe-Medina… - Cancer …, 2023 - aacrjournals.org",E Llano; AL Todeschini; N Felipe-Medina…,NO AUTOCITA,,https://aacrjournals.org/cancerres/article-abstract/83/2/239/715073,9qhyLt1kdFcJ
4,124,Adult‐type granulosa cell tumor of the ovary: a FOXL2‐centric disease,"JA Pilsworth, DR Cochrane, SJ Neilson… - The Journal of …, 2021 - Wiley Online Library",JA Pilsworth; DR Cochrane; SJ Neilson…,NO AUTOCITA,,https://pathsocjournals.onlinelibrary.wiley.com/doi/abs/10.1002/cjp2.198,TpmA-pD3HQYJ
5,125,Dissecting the fate of Foxl2-expressing cells in fetal ovary using lineage tracing and single-cell transcriptomics,"J Zhou, X Jiang, H Wu, L Zhang, M Chen, M Chen… - Cell discovery, 2022 - nature.com",J Zhou; X Jiang; H Wu; L Zhang; M Chen; M Chen…,NO AUTOCITA,,https://www.nature.com/articles/s41421-022-00492-1,aZdo3Ye5G5IJ
6,126,Effect of cell shape and packing density on granulosa cell proliferation and formation of multiple layers during early follicle development in the ovary,"P Da Silva-Buttkus, GS Jayasooriya… - Journal of cell …, 2008 - journals.biologists.com",P Da Silva-Buttkus; GS Jayasooriya…,NO AUTOCITA,,https://journals.biologists.com/jcs/article-abstract/121/23/3890/30353,SKHRtdLR4DwJ
7,127,Wnt signaling promotes proliferation and stemness regulation of spermatogonial stem/progenitor cells,"N Golestaneh, E Beauchamp, S Fallen… - …, 2009 - rep.bioscientifica.com",N Golestaneh; E Beauchamp; S Fallen…,NO AUTOCITA,,https://rep.bioscientifica.com/view/journals/rep/138/1/151.xml,IhYRTCv1grYJ
8,128,Dynamics of the ovarian reserve and impact of genetic and epidemiological factors on age of menopause,"E Pelosi, E Simonsick, A Forabosco… - Biology of …, 2015 - academic.oup.com",E Pelosi; E Simonsick; A Forabosco…,NO AUTOCITA,,"https://academic.oup.com/biolreprod/article-abstract/92/5/130,%201-9/2434095",Nchv8L3G4vEJ
9,129,Dlx genes pattern mammalian jaw primordium by regulating both lower jaw-specific and upper jaw-specific genetic programs,"J Jeong, X Li, RJ McEvilly, MG Rosenfeld, T Lufkin… - 2008 - journals.biologists.com",J Jeong; X Li; RJ McEvilly; MG Rosenfeld; T Lufkin,NO AUTOCITA,,https://journals.biologists.com/dev/article-abstract/135/17/2905/64890,cKhcKCZ3SBkJ
10,130,Aromatase inhibition reduces expression of FOXL2 in the embryonic chicken ovary,"QJ Hudson, CA Smith… - … dynamics: an official …, 2005 - Wiley Online Library",QJ Hudson; CA Smith,NO AUTOCITA,,https://anatomypubs.onlinelibrary.wiley.com/doi/abs/10.1002/dvdy.20388,le3JfuOcg2EJ
11,131,Foxl2functions in sex determination and histogenesis throughout mouse ovary development,"JE Garcia-Ortiz, E Pelosi, S Omari, T Nedorezov… - BMC developmental …, 2009 - Springer",JE Garcia-Ortiz; E Pelosi; S Omari; T Nedorezov…,AUTOCITA,JE Garcia-Ortiz,https://link.springer.com/article/10.1186/1471-213X-9-36,Rl1L21WQ3r4J
12,132,Control of oocyte growth and development by intercellular communication within the follicular niche,"S El-Hayek, HJ Clarke - Molecular Mechanisms of Cell Differentiation in …, 2016 - Springer",S El-Hayek; HJ Clarke,NO AUTOCITA,,https://link.springer.com/chapter/10.1007/978-3-319-31973-5_8,aO75jSJ8Q_oJ
13,133,Establishment of ovarian reserve: a quantitative morphometric study of the developing human ovary,"A Forabosco, C Sforza - Fertility and Sterility, 2007 - Elsevier",A Forabosco; C Sforza,NO AUTOCITA,,https://www.sciencedirect.com/science/article/pii/S0015028206047285,vN00JRCDoREJ
14,134,Signaling at the crossroads of gonad development,"AJ Ross, B Capel - Trends in Endocrinology & Metabolism, 2005 - cell.com",AJ Ross; B Capel,NO AUTOCITA,,https://www.cell.com/trends/endocrinology-metabolism/abstract/S1043-2760(04)00275-9,lmp1WgdEcKgJ
15,135,Molecular mechanisms of temperature-dependent sex determination in the context of ecological developmental biology,"Y Matsumoto, D Crews - Molecular and cellular endocrinology, 2012 - Elsevier",Y Matsumoto; D Crews,NO AUTOCITA,,https://www.sciencedirect.com/science/article/pii/S0303720711006083,FfrNlCh-SooJ
16,136,Foxl2 function in ovarian development,"NH Uhlenhaut, M Treier - Molecular genetics and metabolism, 2006 - Elsevier",NH Uhlenhaut; M Treier,NO AUTOCITA,,https://www.sciencedirect.com/science/article/pii/S1096719206001065,sqxiAZrHsaIJ
17,137,Gestational exposure to an epidemiologically defined mixture of phthalates leads to gonadal dysfunction in mouse offspring of both sexes,"A Repouskou, E Panagiotidou, L Panagopoulou… - Scientific reports, 2019 - nature.com",A Repouskou; E Panagiotidou; L Panagopoulou…,NO AUTOCITA,,https://www.nature.com/articles/s41598-019-42377-6,ej8IVd3682AJ
18,138,FOXL2 and BMP2 Act Cooperatively to Regulate Follistatin Gene Expression during Ovarian Development,"K Kashimada, E Pelosi, H Chen, D Schlessinger… - …, 2011 - academic.oup.com",K Kashimada; E Pelosi; H Chen; D Schlessinger…,NO AUTOCITA,,https://academic.oup.com/endo/article-abstract/152/1/272/2456652,tp_lDhMv1RAJ
19,139,Genome-wide identification of FOXL2 binding and characterization of FOXL2 feminizing action in the fetal gonads,"B Nicol, SA Grimm, A Gruzdev, GJ Scott… - Human molecular …, 2018 - academic.oup.com",B Nicol; SA Grimm; A Gruzdev; GJ Scott…,NO AUTOCITA,,https://academic.oup.com/hmg/article-abstract/27/24/4273/5096171,PXTB7WSxBpYJ
20,140,FOXL2 mutations and genomic rearrangements in BPES,"D Beysen, A De Paepe, E De Baere - Human mutation, 2009 - Wiley Online Library",D Beysen; A De Paepe; E De Baere,NO AUTOCITA,,https://onlinelibrary.wiley.com/doi/abs/10.1002/humu.20807,C58BfTgZGyIJ
1,141,Multi-marker assessment of ovarian reserve predicts oocyte yield after ovulation induction,"M Al-Azemi, SR Killick, S Duffy, C Pye… - Human …, 2011 - academic.oup.com",M Al-Azemi; SR Killick; S Duffy; C Pye…,NO AUTOCITA,,https://academic.oup.com/humrep/article-abstract/26/2/414/595086,iYYLIWOcf34J
2,142,Maternal exposure to polycyclic aromatic hydrocarbons diminishes murine ovarian reserve via induction of Harakiri,"A Jurisicova, A Taniuchi, H Li, Y Shang… - The Journal of clinical …, 2007 - jci.org",A Jurisicova; A Taniuchi; H Li; Y Shang…,NO AUTOCITA,,https://www.jci.org/articles/view/28493,lZ3fo8gG4MoJ
3,143,Genetics of early mammalian folliculogenesis,"Y Choi, A Rajkovic - Cellular and molecular life sciences, 2006 - Springer",Y Choi; A Rajkovic,NO AUTOCITA,,https://link.springer.com/article/10.1007/s00018-005-5394-7,dikQgx6TH54J
4,144,"Coordination of cellular differentiation, polarity, mitosis and meiosis–new findings from early vertebrate oogenesis","YM Elkouby, MC Mullins - Developmental biology, 2017 - Elsevier",YM Elkouby; MC Mullins,NO AUTOCITA,,https://www.sciencedirect.com/science/article/pii/S0012160616306133,afPk_kbDvIYJ
5,145,The pathway to femaleness: current knowledge on embryonic development of the ovary,"HHC Yao - Molecular and cellular endocrinology, 2005 - Elsevier",HHC Yao,NO AUTOCITA,,https://www.sciencedirect.com/science/article/pii/S0303720704004198,jNW44oJQG8EJ
6,146,FOXO1/3 and PTEN depletion in granulosa cells promotes ovarian granulosa cell tumor development,"Z Liu, YA Ren, SA Pangas, J Adams… - Molecular …, 2015 - academic.oup.com",Z Liu; YA Ren; SA Pangas; J Adams…,NO AUTOCITA,,https://academic.oup.com/mend/article-abstract/29/7/1006/2556554,Iy5G2sLYtW4J
7,147,Transcriptional regulation of early oogenesis: in search of masters,"SA Pangas, A Rajkovic - Human Reproduction Update, 2006 - academic.oup.com",SA Pangas; A Rajkovic,NO AUTOCITA,,https://academic.oup.com/humupd/article-abstract/12/1/65/607038,GKsIe2UwHekJ
8,148,"FOXL2 in the pituitary: molecular, genetic, and developmental analysis","BS Ellsworth, N Egashira, JL Haller… - Molecular …, 2006 - academic.oup.com",BS Ellsworth; N Egashira; JL Haller…,NO AUTOCITA,,https://academic.oup.com/mend/article-abstract/20/11/2796/2738404,eOraiG-JRSYJ
9,149,Perivascular cells support folliculogenesis in the developing ovary,"SY Li, B Bhandary, X Gu, T DeFalco - … of the National Academy of Sciences, 2022 - pnas.org",SY Li; B Bhandary; X Gu; T DeFalco,NO AUTOCITA,,https://www.pnas.org/doi/abs/10.1073/pnas.2213026119,-0Sc336PvVkJ
10,150,Forkhead transcription factors in ovarian function,"NH Uhlenhaut, M Treier - Reproduction, 2011 - academic.oup.com",NH Uhlenhaut; M Treier,NO AUTOCITA,,https://academic.oup.com/reproduction/article-abstract/142/4/489/8243414,Vyy-WPDaWmYJ
11,151,SOXs: Master architects of development and versatile emulators of oncogenesis,"M Sachan, RS Verma, GK Patel - … et Biophysica Acta (BBA)-Reviews on …, 2025 - Elsevier",M Sachan; RS Verma; GK Patel,NO AUTOCITA,,https://www.sciencedirect.com/science/article/pii/S0304419X2500037X,hEn37DCZrdQJ
12,152,How to make a gonad: cellular mechanisms governing formation of the testes and ovaries,"EK Ungewitter, HHC Yao - Sexual Development, 2012 - karger.com",EK Ungewitter; HHC Yao,NO AUTOCITA,,https://karger.com/sxd/article/7/1-3/7/296622,xCF-tImhBNoJ
13,153,Mammalian foetal ovarian development: consequences for health and disease,"MA Sarraj, AE Drummond - Reproduction, 2012 - academic.oup.com",MA Sarraj; AE Drummond,NO AUTOCITA,,https://academic.oup.com/reproduction/article-abstract/143/2/151/8243465,5aKyZJ_BqZoJ
14,154,Fine time course expression analysis identifies cascades of activation and repression and maps a putative regulator of mammalian sex determination,"SC Munger, A Natarajan, LL Looger, U Ohler… - PLoS …, 2013 - journals.plos.org",SC Munger; A Natarajan; LL Looger; U Ohler,NO AUTOCITA,,https://journals.plos.org/plosgenetics/article?id=10.1371/journal.pgen.1003630,01wU-MS9dIAJ
15,155,Antioxidant activities and lipid peroxidation status in human follicular fluid: age-dependent change,"H Debbarh, N Louanjli, S Aboulmaouahib, M Jamil… - Zygote, 2021 - cambridge.org",H Debbarh; N Louanjli; S Aboulmaouahib; M Jamil…,NO AUTOCITA,,https://www.cambridge.org/core/journals/zygote/article/antioxidant-activities-and-lipid-peroxidation-status-in-human-follicular-fluid-agedependent-change/DD95456667D836090C97F9E3C91BC459,Ps_rYuOIRL4J
16,156,FOXL2 drives the differentiation of supporting gonadal cells in early ovarian development,"L Danti, K Lundin, P Nedeczey-Ruzsák, T Tuuri… - Reproductive Biology …, 2025 - Springer",L Danti; K Lundin; P Nedeczey-Ruzsák; T Tuuri,NO AUTOCITA,,https://link.springer.com/article/10.1186/s12958-025-01377-0,G2Pg6fp1HQoJ
17,157,Contemporary genetic technologies and female reproduction,"… Group 2010 Fauser BCJM Diedrich K … - Human reproduction …, 2011 - academic.oup.com",… Group 2010 Fauser BCJM Diedrich K …,NO AUTOCITA,,https://academic.oup.com/humupd/article-abstract/17/6/829/877795,iv-HE0vU71AJ
18,158,Glutamate Cysteine Ligase Modifier Subunit (Gclm) Null Mice Have Increased Ovarian Oxidative Stress and Accelerated Age-Related Ovarian Failure,"J Lim, BN Nakamura, I Mohar, TJ Kavanagh… - …, 2015 - academic.oup.com",J Lim; BN Nakamura; I Mohar; TJ Kavanagh…,NO AUTOCITA,,https://academic.oup.com/endo/article-abstract/156/9/3329/2423017,Dt_WDo9w6N8J
19,159,FOXL2 Interacts with Steroidogenic Factor-1 (SF-1) and Represses SF-1-Induced CYP17 Transcription in Granulosa Cells,"M Park, E Shin, M Won, JH Kim, H Go… - Molecular …, 2010 - academic.oup.com",M Park; E Shin; M Won; JH Kim; H Go,NO AUTOCITA,,https://academic.oup.com/mend/article-abstract/24/5/1024/2706165,C3r2vraFCb8J
20,160,"Involvement of FOXL2 and RSPO1 in ovarian determination, development, and maintenance in mammals","M Pannetier, AA Chassot, MC Chaboissier… - Sexual …, 2016 - karger.com",M Pannetier; AA Chassot; MC Chaboissier…,NO AUTOCITA,,https://karger.com/sxd/article/10/4/167/296194,cYGIIlXiEMoJ
1,161,Genetics of the ovarian reserve,"E Pelosi, A Forabosco, D Schlessinger - Frontiers in genetics, 2015 - frontiersin.org",E Pelosi; A Forabosco; D Schlessinger,NO AUTOCITA,,https://www.frontiersin.org/journals/genetics/articles/10.3389/fgene.2015.00308/full,sO08k1iq_wQJ
2,162,Mutational analysis of FOXL2 codon 134 in granulosa cell tumour of ovary and other human cancers,"MS Kim, SY Hur, NJ Yoo, SH Lee - The Journal of pathology, 2010 - Wiley Online Library",MS Kim; SY Hur; NJ Yoo; SH Lee,NO AUTOCITA,,https://pathsocjournals.onlinelibrary.wiley.com/doi/abs/10.1002/path.2688,Bsvg-SCy_EUJ
3,163,FOXL2 and SOX9 as parameters of female and male gonadal differentiation in patients with various forms of disorders of sex development (DSD),"R Hersmus, N Kalfa, B de Leeuw… - The Journal of …, 2008 - Wiley Online Library",R Hersmus; N Kalfa; B de Leeuw…,NO AUTOCITA,,https://pathsocjournals.onlinelibrary.wiley.com/doi/abs/10.1002/path.2335,irqqKYukaCQJ
4,164,"In control of biology: of mice, men and Foxes","PJEC Wijchers, JPH Burbach, MP Smidt - Biochemical Journal, 2006 - portlandpress.com",PJEC Wijchers; JPH Burbach; MP Smidt,NO AUTOCITA,,https://portlandpress.com/biochemj/article-abstract/397/2/233/43714,WrkK22AtpWIJ
5,165,Single-cell exploration of gonadal somatic cell lineage specification during human sex determination,"A Lardenois, A Suglia, CL Moore, B Evrard, L Noël… - Developmental Cell, 2026 - cell.com",A Lardenois; A Suglia; CL Moore; B Evrard; L Noël…,NO AUTOCITA,,https://www.cell.com/developmental-cell/abstract/S1534-5807(25)00571-4,Wvc0Q3t1hBoJ
6,166,Aging changes the chromatin configuration and histone methylation of mouse oocytes at germinal vesicle stage,"I Manosalva, A González - Theriogenology, 2010 - Elsevier",I Manosalva; A González,NO AUTOCITA,,https://www.sciencedirect.com/science/article/pii/S0093691X10003420,TgosgqxPDTcJ
7,167,Minireview: roles of the forkhead transcription factor FOXL2 in granulosa cell biology and pathology,"MD Pisarska, G Barlow, FT Kuo - Endocrinology, 2011 - academic.oup.com",MD Pisarska; G Barlow; FT Kuo,NO AUTOCITA,,https://academic.oup.com/endo/article-abstract/152/4/1199/2457569,1b_pmaf_8AoJ
8,168,Divergent expression regulation of gonad development genes in medaka shows incomplete conservation of the downstream regulatory network of vertebrate sex …,"A Herpin, MC Adolfi, B Nicol… - Molecular biology …, 2013 - academic.oup.com",A Herpin; MC Adolfi; B Nicol,NO AUTOCITA,,https://academic.oup.com/mbe/article-abstract/30/10/2328/1246878,fAVEdC-PLNgJ
9,169,The epithelial Na+ channel (ENaC) in ovarian granulosa cells modulates Ca2+ mobilization and gonadotrophin signaling for estrogen homeostasis and female …,"X Ma, R Xu, J Chen, S Wang, P Hu, Y Wu… - Cell Communication and …, 2024 - Springer",X Ma; R Xu; J Chen; S Wang; P Hu; Y Wu…,NO AUTOCITA,,https://link.springer.com/article/10.1186/s12964-024-01778-5,bDnX0u_7I7AJ
10,170,Prognostic significance of FOXL2 mutation and mRNA expression in adult and juvenile granulosa cell tumors of the ovary,"E D'angelo, A Mozos, D Nakayama, I Espinosa… - Modern Pathology, 2011 - Elsevier",E D'angelo; A Mozos; D Nakayama; I Espinosa,NO AUTOCITA,,https://www.sciencedirect.com/science/article/pii/S0893395222018002,UZssUMUGXF0J
11,171,Paracrine regulation of granulosa cell development in the antral follicles in mammals,"K Sugiura, N Maruyama, Y Akimoto… - Reproductive …, 2023 - Wiley Online Library",K Sugiura; N Maruyama; Y Akimoto…,NO AUTOCITA,,https://onlinelibrary.wiley.com/doi/abs/10.1002/rmb2.12538,__P1HRwpQ1UJ
12,172,Sex-biased adaptive immune regulation in cancer development and therapy,"JM Schafer, T Xiao, H Kwon, K Collier, Y Chang… - Iscience, 2022 - cell.com",JM Schafer; T Xiao; H Kwon; K Collier; Y Chang,NO AUTOCITA,,https://www.cell.com/iscience/fulltext/S2589-0042(22)00989-0,wKW6fkCs7eMJ
13,173,Molecular cloning and quantitative expression of sexually dimorphic markers Dmrt1 and Foxl2 during female-to-male sex change in Epinephelus merra,"MA Alam, Y Kobayashi, R Horiguchi, T Hirai… - General and …, 2008 - Elsevier",MA Alam; Y Kobayashi; R Horiguchi; T Hirai…,NO AUTOCITA,,https://www.sciencedirect.com/science/article/pii/S0016648008001275,NF0eZRs-tgQJ
14,174,"Learning, menopause, and the human adaptive complex","H Kaplan, M Gurven, J Winking… - Annals of the New …, 2010 - Wiley Online Library",H Kaplan; M Gurven; J Winking,NO AUTOCITA,,https://nyaspubs.onlinelibrary.wiley.com/doi/abs/10.1111/j.1749-6632.2010.05528.x,jaeyRJrSOrQJ
15,175,Differential apoptotic activities of wild-type FOXL2 and the adult-type granulosa cell tumor-associated mutant FOXL2 (C134W),"JH Kim, S Yoon, M Park, HO Park, JJ Ko, K Lee, J Bae - Oncogene, 2011 - nature.com",JH Kim; S Yoon; M Park; HO Park; JJ Ko; K Lee; J Bae,NO AUTOCITA,,https://www.nature.com/articles/onc2010541,aXl-LMukddIJ
16,176,Single-nucleus multiomics of murine gonads reveals transcriptional regulatory network underlying supporting lineage differentiation,"YY Chen, K Rodriguez, AK Alexander, X Xu… - Science …, 2026 - science.org",YY Chen; K Rodriguez; AK Alexander; X Xu…,NO AUTOCITA,,https://www.science.org/doi/abs/10.1126/sciadv.aea7403,JpnaBy9xhFAJ
17,177,Reproductive aging and telomeres: Are women and men equally affected?,"L Chico-Sordo, I Cordova-Oriz, AM Polonio… - Mechanisms of Ageing …, 2021 - Elsevier",L Chico-Sordo; I Cordova-Oriz; AM Polonio…,NO AUTOCITA,,https://www.sciencedirect.com/science/article/pii/S0047637421001135,tDoRyTqMMQMJ
18,178,ERβ in granulosa cell tumors and its clinical potential,"M Birgersson, R Indukuri, P Antonson, I Nalvarte… - …, 2023 - academic.oup.com",M Birgersson; R Indukuri; P Antonson; I Nalvarte,NO AUTOCITA,,https://academic.oup.com/endo/article-abstract/164/6/bqad063/7131283,_TNyW4dgsawJ
19,179,FOXL2 versus SOX9: A lifelong “battle of the sexes”,"RA Veitia - Bioessays, 2010 - Wiley Online Library",RA Veitia,NO AUTOCITA,,https://onlinelibrary.wiley.com/doi/abs/10.1002/bies.200900193,d4N0kiUg23IJ
20,180,Male sex determination: insights into molecular mechanisms,"K McClelland, J Bowles… - Asian journal of …, 2011 - pmc.ncbi.nlm.nih.gov",K McClelland; J Bowles,NO AUTOCITA,,https://pmc.ncbi.nlm.nih.gov/articles/PMC3735148/,W6p9U-t49IsJ
1,181,WNT/β-catenin and p27/FOXL2 differentially regulate supporting cell proliferation in the developing ovary,"SE Gustin, K Hogg, JM Stringer, RH Rastetter… - Developmental …, 2016 - Elsevier",SE Gustin; K Hogg; JM Stringer; RH Rastetter…,NO AUTOCITA,,https://www.sciencedirect.com/science/article/pii/S0012160615302864,8-nh36y_VIQJ
2,182,Extracellular fluid miRNAs in PCOS,"S Hadi, SH Khoshraftar, AHK Darabi, A Soleimani… - Clinica Chimica …, 2025 - Elsevier",S Hadi; SH Khoshraftar; AHK Darabi; A Soleimani,NO AUTOCITA,,https://www.sciencedirect.com/science/article/pii/S0009898125002839,5B2yZDtwrU8J
3,183,Making sex revisited: Dekonstruktion des Geschlechts aus biologisch-medizinischer Perspektive,HJ Voß - 2015 - books.google.com,HJ Voß,NO AUTOCITA,,https://books.google.com/books?hl=en&lr=&id=FO1KCgAAQBAJ&oi=fnd&pg=PP1&ots=JyJi-zn1Pf&sig=SL8eLFcS7aRZ84lyYjgF1qetAtw,-P4cYkXsMUMJ
4,184,Deletions involving long-range conserved nongenic sequences upstream and downstream of FOXL2 as a novel disease-causing mechanism in blepharophimosis …,"D Beysen, J Raes, BP Leroy, A Lucassen… - The American Journal of …, 2005 - cell.com",D Beysen; J Raes; BP Leroy; A Lucassen,NO AUTOCITA,,https://www.cell.com/ajhg/fulltext/S0002-9297(07)62911-5,HLmwoRfEMxIJ
5,185,The comparison of animal models for premature ovarian failure established by several different source of inducers,"T Zhang, D Yan, Y Yang, A Ma, L Li, Z Wang… - Regulatory toxicology …, 2016 - Elsevier",T Zhang; D Yan; Y Yang; A Ma; L Li; Z Wang…,NO AUTOCITA,,https://www.sciencedirect.com/science/article/pii/S0273230016302501,qrfrPApj6LUJ
6,186,SMAD3 directly regulates cell cycle genes to maintain arrest in granulosa cells of mouse primordial follicles,"S Granados-Aparici, K Hardy, S Franks, IB Sharum… - Scientific reports, 2019 - nature.com",S Granados-Aparici; K Hardy; S Franks; IB Sharum,NO AUTOCITA,,https://www.nature.com/articles/s41598-019-42878-4,OLPcEsOT8IsJ
7,187,The transcription factor FOXL2: at the crossroads of ovarian physiology and pathology,"S Caburet, A Georges, D L'Hôte, AL Todeschini… - Molecular and cellular …, 2012 - Elsevier",S Caburet; A Georges; D L'Hôte; AL Todeschini,NO AUTOCITA,,https://www.sciencedirect.com/science/article/pii/S0303720711003376,slkMZjFn0JoJ
8,188,Signaling through the TGF beta-activin receptors ALK4/5/7 regulates testis formation and male germ cell development,"DC Miles, SI Wakeling, JM Stringer… - PloS one, 2013 - journals.plos.org",DC Miles; SI Wakeling; JM Stringer,NO AUTOCITA,,https://journals.plos.org/plosone/article?id=10.1371/journal.pone.0054606,vDhUgNYpXlgJ
9,189,Testis determination requires a specific FGFR2 isoform to repress FOXL2,"S Bagheri-Fam, AD Bird, L Zhao, JM Ryan… - …, 2017 - academic.oup.com",S Bagheri-Fam; AD Bird; L Zhao; JM Ryan,NO AUTOCITA,,https://academic.oup.com/endo/article-abstract/158/11/3832/4117227,Qx5KP4GUB-UJ
10,190,Classical and molecular cytogenetics of disorders of sex development in domestic animals,"DAF Villagómez, P Parma, O Radi, G Di Meo… - … and Genome Research, 2009 - karger.com",DAF Villagómez; P Parma; O Radi; G Di Meo…,NO AUTOCITA,,https://karger.com/cgr/article-abstract/126/1-2/110/62736,PWcupm7FkggJ
11,191,Specificity of the requirement for Foxo3 in primordial follicle activation,"GB John, LJ Shirley, TD Gallardo… - Reproduction, 2007 - rep.bioscientifica.com",GB John; LJ Shirley; TD Gallardo,NO AUTOCITA,,https://rep.bioscientifica.com/view/journals/rep/133/5/1330855.xml,lH6LBtkjn0QJ
12,192,Starvation at birth impairs germ cell cyst breakdown and increases autophagy and apoptosis in mouse oocytes,"YY Wang, YC Sun, XF Sun, SF Cheng, B Li… - Cell death & …, 2017 - nature.com",YY Wang; YC Sun; XF Sun; SF Cheng; B Li…,NO AUTOCITA,,https://www.nature.com/articles/cddis20173,mVc99Fkd1pYJ
13,193,Antagonistic regulation of Cyp26b1 by transcription factors SOX9/SF1 and FOXL2 during gonadal development in mice,"K Kashimada, T Svingen, CW Feng… - The FASEB …, 2011 - pmc.ncbi.nlm.nih.gov",K Kashimada; T Svingen; CW Feng…,NO AUTOCITA,,https://pmc.ncbi.nlm.nih.gov/articles/PMC3177566/,3lNmo0Qob0sJ
14,194,Age-associated changes in mouse oocytes during postovulatory in vitro culture: possible role for meiotic kinases and survival factor BCL2,"C Tatone, MC Carbone, R Gallo… - Biology of …, 2006 - academic.oup.com",C Tatone; MC Carbone; R Gallo…,NO AUTOCITA,,https://academic.oup.com/biolreprod/article-abstract/74/2/395/2667004,kf1w1b5Us1gJ
15,195,The ovarian reserve in mammals: a functional and evolutionary perspective,"P Monget, J Bobe, A Gougeon, S Fabre… - Molecular and cellular …, 2012 - Elsevier",P Monget; J Bobe; A Gougeon; S Fabre…,NO AUTOCITA,,https://www.sciencedirect.com/science/article/pii/S030372071100459X,oS8_npyI2D4J
16,196,Absence of the proapoptotic Bax protein extends fertility and alleviates age-related health complications in female mice,"GI Perez, A Jurisicova, L Wise, T Lipina… - Proceedings of the …, 2007 - pnas.org",GI Perez; A Jurisicova; L Wise; T Lipina,NO AUTOCITA,,https://www.pnas.org/doi/abs/10.1073/pnas.0608557104,98uh4hvbHt4J
17,197,FoxL2 and Smad3 coordinately regulate follistatin gene transcription,"AL Blount, K Schmidt, NJ Justice, WW Vale… - Journal of Biological …, 2009 - Elsevier",AL Blount; K Schmidt; NJ Justice; WW Vale…,NO AUTOCITA,,https://www.sciencedirect.com/science/article/pii/S0021925820324753,sIxgSina_R8J
18,198,Differential isoform expression and alternative splicing in sex determination in mice,"B Planells, I Gómez-Redondo, E Pericuesta… - BMC genomics, 2019 - Springer",B Planells; I Gómez-Redondo; E Pericuesta,NO AUTOCITA,,https://link.springer.com/article/10.1186/s12864-019-5572-x,RDWs4KQe6aUJ
19,199,Single‐cell sequencing reveals the transcriptional alternations of 17β‐estradiol suppressing primordial follicle formation in neonatal mouse ovaries,"Y Yan, H Zhang, R Xu, L Luo, L Yin, H Wu… - Cell …, 2024 - Wiley Online Library",Y Yan; H Zhang; R Xu; L Luo; L Yin; H Wu…,NO AUTOCITA,,https://onlinelibrary.wiley.com/doi/abs/10.1111/cpr.13713,2mJMUwrysi0J
20,200,FOXL2 antagonises the male developmental pathway in embryonic chicken gonads,"AT Major, KL Ayers, J Chue… - Journal of …, 2019 - joe.bioscientifica.com",AT Major; KL Ayers; J Chue…,NO AUTOCITA,,https://joe.bioscientifica.com/view/journals/joe/aop/joe-19-0277.xml,iKpYCCfDVjAJ
1,201,Environmental sex determination and sex differentiation in teleosts–how sex is established,"ZG Shen, HP Wang - Sex control in aquaculture, 2018 - Wiley Online Library",ZG Shen; HP Wang,NO AUTOCITA,,https://onlinelibrary.wiley.com/doi/abs/10.1002/9781119127291.ch4,zYMd3z2sAYsJ
2,202,Nonsteroidal anti-inflammatory drugs (NSAIDs) cause male-biased sex differentiation in zebrafish,"C Bereketoglu, A Pradhan, PE Olsson - Aquatic Toxicology, 2020 - Elsevier",C Bereketoglu; A Pradhan; PE Olsson,NO AUTOCITA,,https://www.sciencedirect.com/science/article/pii/S0166445X19307118,NYRvMhkF3qEJ
3,203,Impaired Fertility and FSH Synthesis in Gonadotrope-Specific Foxl2 Knockout Mice,"S Tran, X Zhou, C Lafleur, MJ Calderon… - Molecular …, 2013 - academic.oup.com",S Tran; X Zhou; C Lafleur; MJ Calderon…,NO AUTOCITA,,https://academic.oup.com/mend/article-abstract/27/3/407/2615040,uu3RZhoDrUEJ
4,204,Nuclear exclusion of SMAD2/3 in granulosa cells is associated with primordial follicle activation in the mouse ovary,"K Hardy, JM Mora, C Dunlop… - Journal of Cell …, 2018 - journals.biologists.com",K Hardy; JM Mora; C Dunlop,NO AUTOCITA,,https://journals.biologists.com/jcs/article-abstract/131/17/jcs218123/56993,l7l56rK0NcAJ
5,205,"Anatomy, abdomen and pelvis: female internal genitals","BS Hoare, BA Mikes, YS Khan - StatPearls [Internet], 2025 - ncbi.nlm.nih.gov",BS Hoare; BA Mikes; YS Khan,NO AUTOCITA,,https://www.ncbi.nlm.nih.gov/sites/books/NBK554601/,B6ZonTQqNI0J
6,206,"Normal Levels of Sox9 Expression in the Developing Mouse Testis Depend on the TES/TESCO Enhancer, but This Does Not Act Alone","N Gonen, A Quinn, HC O'Neill, P Koopman… - PLoS …, 2017 - journals.plos.org",N Gonen; A Quinn; HC O'Neill; P Koopman,NO AUTOCITA,,https://journals.plos.org/plosgenetics/article?id=10.1371/journal.pgen.1006520,jSLchKfnGJoJ
7,207,DMRT1 is a testis-determining gene in rabbits and is also essential for female fertility,"E Dujardin, M André, A Dewaele, B Mandon-Pépin… - Elife, 2023 - elifesciences.org",E Dujardin; M André; A Dewaele; B Mandon-Pépin…,NO AUTOCITA,,https://elifesciences.org/articles/89284,FDhju08zJeUJ
8,208,Transcription factor FOXL2 protects granulosa cells from stress and delays cell cycle: role of its regulation by the SIRT1 deacetylase,"BA Benayoun, AB Georges, D L'Hôte… - Human molecular …, 2011 - academic.oup.com",BA Benayoun; AB Georges; D L'Hôte…,NO AUTOCITA,,https://academic.oup.com/hmg/article-abstract/20/9/1673/880673,uVrah5OkD_UJ
9,209,Oestrogen in the chick embryo can induce chromosomally male ZZ left gonad epithelial cells to form an ovarian cortex that can support oogenesis,"S Guioli, D Zhao, S Nandi, M Clinton… - …, 2020 - journals.biologists.com",S Guioli; D Zhao; S Nandi; M Clinton…,NO AUTOCITA,,https://journals.biologists.com/dev/article-abstract/147/4/dev181693/223235,oRx9NFMgCREJ
10,210,Aetiological coding sequence variants in non-syndromic premature ovarian failure: From genetic linkage analysis to next generation sequencing,"P Laissue - Molecular and cellular endocrinology, 2015 - Elsevier",P Laissue,NO AUTOCITA,,https://www.sciencedirect.com/science/article/pii/S0303720715002397,g8vWO-E8R8EJ
11,211,"The UV filter benzophenone 3, alters early follicular assembly in rat whole ovary cultures","CG Santamaría, JE Abud, MM Porporato, N Meyer… - Toxicology letters, 2019 - Elsevier",CG Santamaría; JE Abud; MM Porporato; N Meyer…,NO AUTOCITA,,https://www.sciencedirect.com/science/article/pii/S0378427418320708,szWoKzfMB18J
12,212,Comprehensive transcriptomic analysis of the process of gonadal sex differentiation in the turbot (Scophthalmus maximus),"L Ribas, D Robledo, A Gómez-Tato, A Viñas… - Molecular and Cellular …, 2016 - Elsevier",L Ribas; D Robledo; A Gómez-Tato; A Viñas…,NO AUTOCITA,,https://www.sciencedirect.com/science/article/pii/S0303720715301313,m3TtEHHoggAJ
13,213,"Genetics of ovarian differentiation: Rspo1, a major player","AA Chassot, EP Gregoire, M Magliano, R Lavery… - Sexual …, 2008 - karger.com",AA Chassot; EP Gregoire; M Magliano; R Lavery…,NO AUTOCITA,,https://karger.com/sxd/article/2/4-5/219/308452,INgPwOsRVA8J
14,214,Comparative Transcriptome Analysis Reveals Sex-Biased Gene Expression in Juvenile Chinese Mitten Crab Eriocheir sinensis,"Y Liu, M Hui, Z Cui, D Luo, C Song, Y Li, L Liu - PLoS One, 2015 - journals.plos.org",Y Liu; M Hui; Z Cui; D Luo; C Song; Y Li; L Liu,NO AUTOCITA,,https://journals.plos.org/plosone/article?id=10.1371/journal.pone.0133068,plYuMCq59SQJ
15,215,The genetic make‐up of ovarian development and function: the focus on the transcription factor FOXL2,"M Elzaiat, AL Todeschini, S Caburet… - Clinical genetics, 2017 - Wiley Online Library",M Elzaiat; AL Todeschini; S Caburet,NO AUTOCITA,,https://onlinelibrary.wiley.com/doi/abs/10.1111/cge.12862,pn3yGIfvPOYJ
16,216,From sex determination to initial folliculogenesis in mammalian ovaries: morphogenetic waves along the anteroposterior and dorsoventral axes,"H Suzuki, M Kanai-Azuma, Y Kanai - Sexual Development, 2015 - karger.com",H Suzuki; M Kanai-Azuma; Y Kanai,NO AUTOCITA,,https://karger.com/sxd/article/9/4/190/296412,_LvTlyZfrbAJ
17,217,Transcriptomic analysis of mRNA expression and alternative splicing during mouse sex determination,"L Zhao, C Wang, ML Lehman, M He, J An… - Molecular and cellular …, 2018 - Elsevier",L Zhao; C Wang; ML Lehman; M He; J An,NO AUTOCITA,,https://www.sciencedirect.com/science/article/pii/S030372071830234X,dKNRoIQsVTsJ
18,218,FOXL2 regulates RhoA expression to change actin cytoskeleton rearrangement in granulosa cells of chicken pre-ovulatory follicles,"X Li, H Du, H Zhou, Y Huang, S Tang, C Yu… - Biology of …, 2024 - academic.oup.com",X Li; H Du; H Zhou; Y Huang; S Tang; C Yu…,NO AUTOCITA,,https://academic.oup.com/biolreprod/article-abstract/111/2/391/7687480,Lt_ORPxfGlIJ
19,219,Aberrant and constitutive expression of FOXL2 impairs ovarian development and functions in mice,"B Nicol, K Rodriguez, HHC Yao - Biology of Reproduction, 2020 - academic.oup.com",B Nicol; K Rodriguez; HHC Yao,NO AUTOCITA,,https://academic.oup.com/biolreprod/article-abstract/103/5/966/5895287,wbfTbVIbOfgJ
20,220,"Aging of oocyte, ovary, and human reproduction","C Ottolenghi, M Uda, T Hamatani… - Annals of the New …, 2004 - Wiley Online Library",C Ottolenghi; M Uda; T Hamatani…,NO AUTOCITA,,https://nyaspubs.onlinelibrary.wiley.com/doi/abs/10.1196/annals.1335.015,ZlMsxv5ioGIJ
1,221,Testicular differentiation occurs in absence of R-spondin1 and Sox9 in mouse sex reversals,"R Lavery, AA Chassot, E Pauper, EP Gregoire… - PLoS …, 2012 - journals.plos.org",R Lavery; AA Chassot; E Pauper; EP Gregoire…,NO AUTOCITA,,https://journals.plos.org/plosgenetics/article?id=10.1371/journal.pgen.1003170,rZL2FpB3_KoJ
2,222,Somatic regulation of female germ cell regeneration and development in planarians,"UW Khan, PA Newmark - Cell reports, 2022 - cell.com",UW Khan; PA Newmark,NO AUTOCITA,,https://www.cell.com/cell-reports/fulltext/S2211-1247(22)00261-3,TzdNPfmrA7MJ
3,223,"Wnt4, a pleiotropic signal for controlling cell polarity, basement membrane integrity, and antimullerian hormone expression during oocyte maturation in the female …","R Prunskaite‐Hyyrylainen, J Shan, A Railo… - The FASEB …, 2014 - Wiley Online Library",R Prunskaite‐Hyyrylainen; J Shan; A Railo…,NO AUTOCITA,,https://faseb.onlinelibrary.wiley.com/doi/abs/10.1096/fj.13-233247,wJG9J0X9n5YJ
4,224,Molecular mechanisms of folliculogenesis and oogenesis,"MA Ezz, AZ Balboula - Systems Biology in Reproductive Medicine, 2026 - Taylor & Francis",MA Ezz; AZ Balboula,NO AUTOCITA,,https://www.tandfonline.com/doi/abs/10.1080/19396368.2026.2631558,FQI2VXyrw0YJ
5,225,"Follicular development: mouse, sheep, and human models","SA Pangas, A Rajkovic - Knobil and Neill's Physiology of Reproduction …, 2014 - elibrary.ru",SA Pangas; A Rajkovic,NO AUTOCITA,,https://elibrary.ru/item.asp?id=31820510,kj6-33HCptUJ
6,226,In vitro activation of ovarian cortex and autologous transplantation: A novel approach to primary ovarian insufficiency and diminished ovarian reserve,"L Devenutto, R Quintana… - Human Reproduction …, 2020 - academic.oup.com",L Devenutto; R Quintana…,NO AUTOCITA,,https://academic.oup.com/hropen/article-abstract/2020/4/hoaa046/5983369,EBopjdoBbu4J
7,227,Changes in the expression of DNA double strand break repair genes in primordial follicles from immature and aged rats,"V Govindaraj, RK Basavaraju, AJ Rao - Reproductive BioMedicine Online, 2015 - Elsevier",V Govindaraj; RK Basavaraju; AJ Rao,NO AUTOCITA,,https://www.sciencedirect.com/science/article/pii/S1472648314006403,NT0xA_xXr3YJ
8,228,"Foxl2 gene and the development of the ovary: a story about goat, mouse, fish and woman","D Baron, F Batista, S Chaffaux… - Reproduction …, 2005 - rnd.edpsciences.org",D Baron; F Batista; S Chaffaux…,NO AUTOCITA,,https://rnd.edpsciences.org/articles/rnd/abs/2005/03/r5314/r5314.html,fw3a5wtNaDYJ
9,229,"It's a trap?! Escape from an ancient, ancestral sex chromosome system and implication of Foxl2 as the putative primary sex-determining gene in a lizard …","BJ Pinto, SV Nielsen, KA Sullivan, A Behere… - …, 2024 - academic.oup.com",BJ Pinto; SV Nielsen; KA Sullivan; A Behere,NO AUTOCITA,,https://academic.oup.com/evolut/article-abstract/78/2/355/7411358,iMkdTJMY2qIJ
10,230,The transcriptional targets of mutant FOXL2 in granulosa cell tumours,"R Rosario, H Araki, CG Print, AN Shelling - 2012 - journals.plos.org",R Rosario; H Araki; CG Print; AN Shelling,NO AUTOCITA,,https://journals.plos.org/plosone/article?id=10.1371/journal.pone.0046270,8satEEFwg0QJ
11,231,Dynamics of the transcriptional landscape during human fetal testis and ovary development,"E Lecluze, AD Rolland, P Filis, B Evrard… - Human …, 2020 - academic.oup.com",E Lecluze; AD Rolland; P Filis; B Evrard…,NO AUTOCITA,,https://academic.oup.com/humrep/article-abstract/35/5/1099/5837511,kK-iow-ER1kJ
12,232,Inactivation of Wt1 causes pre-granulosa cell to steroidogenic cell transformation and defect of ovary development,"C Cen, M Chen, J Zhou, L Zhang, S Duo… - Biology of …, 2020 - academic.oup.com",C Cen; M Chen; J Zhou; L Zhang; S Duo…,NO AUTOCITA,,https://academic.oup.com/biolreprod/article-abstract/103/1/60/5818877,-zLEp8olq-EJ
13,233,Recent advances in the study of genes involved in non-syndromic premature ovarian failure,"P Laissue, G Vinci, RA Veitia, M Fellous - Molecular and Cellular …, 2008 - Elsevier",P Laissue; G Vinci; RA Veitia; M Fellous,NO AUTOCITA,,https://www.sciencedirect.com/science/article/pii/S0303720707004170,K6LLnmFS5xoJ
14,234,The role of forkhead box family in bone metabolism and diseases,"J Xu, K Wang, Z Zhang, D Xue, W Li… - Frontiers in …, 2022 - frontiersin.org",J Xu; K Wang; Z Zhang; D Xue; W Li…,NO AUTOCITA,,https://www.frontiersin.org/journals/pharmacology/articles/10.3389/fphar.2021.772237/full,Xii2_Fr8JE4J
15,235,"Sexually dimorphic expression of foxl2 during gametogenesis in scallop Chlamys farreri, conserved with vertebrates","XL Liu, ZF Zhang, MY Shao, JG Liu… - Development Genes and …, 2012 - Springer",XL Liu; ZF Zhang; MY Shao; JG Liu…,NO AUTOCITA,,https://link.springer.com/article/10.1007/s00427-012-0410-z,dDKptfpjxw4J
16,236,Identification and functional analysis of a sex-biased transcriptional factor Foxl2 in the bay scallop Argopecten irradians irradians,"J Ning, W Cao, X Lu, M Chen, B Liu, C Wang - … and Physiology Part B …, 2021 - Elsevier",J Ning; W Cao; X Lu; M Chen; B Liu; C Wang,NO AUTOCITA,,https://www.sciencedirect.com/science/article/pii/S1096495921000774,jqAoGz1bRbgJ
17,237,A dual role of FGF10 in proliferation and coordinated migration of epithelial leading edge cells during mouse eyelid development,"H Tao, M Shimizu, R Kusumoto, K Ono, S Noji… - 2005 - journals.biologists.com",H Tao; M Shimizu; R Kusumoto; K Ono; S Noji,NO AUTOCITA,,https://journals.biologists.com/dev/article-abstract/132/14/3217/18512,v74xeMdzd0EJ
18,238,"R-spondins are involved in the ovarian differentiation in a teleost, medaka (Oryzias latipes)","L Zhou, T Charkraborty, X Yu, L Wu, G Liu… - BMC developmental …, 2012 - Springer",L Zhou; T Charkraborty; X Yu; L Wu; G Liu…,NO AUTOCITA,,https://link.springer.com/article/10.1186/1471-213X-12-36,CBNuPGR80_AJ
19,239,Transcriptomic analysis of melatonin on the mechanism of embryonic gonadal development in female Jilin white geese,"J Yu, I Mabrouk, Q Liu, Y Zhou, Y Song, J Ma, F Liu… - Poultry Science, 2025 - Elsevier",J Yu; I Mabrouk; Q Liu; Y Zhou; Y Song; J Ma; F Liu…,NO AUTOCITA,,https://www.sciencedirect.com/science/article/pii/S0032579124011052,OCaRL7ry3TAJ
20,240,Identification of Foxl2 in freshwater mussel Hyriopsis cumingii and its involvement in sex differentiation,"G Wang, S Dong, P Guo, X Cui, S Duan, J Li - Gene, 2020 - Elsevier",G Wang; S Dong; P Guo; X Cui; S Duan; J Li,NO AUTOCITA,,https://www.sciencedirect.com/science/article/pii/S0378111920305229,9k_lnIhE_YwJ
1,241,FOXL2 directs DNA double-strand break repair pathways by differentially interacting with Ku,"H Jin, B Lee, Y Luo, Y Choi, EH Choi, H Jin… - Nature …, 2020 - nature.com",H Jin; B Lee; Y Luo; Y Choi; EH Choi; H Jin…,NO AUTOCITA,,https://www.nature.com/articles/s41467-020-15748-1,mHp962li1yQJ
2,242,Integrated mRNA and miRNA expression profile analysis of female and male gonads in Hyriopsis cumingii,"YY Wang, SH Duan, GL Wang, JL Li - Scientific reports, 2021 - nature.com",YY Wang; SH Duan; GL Wang; JL Li,NO AUTOCITA,,https://www.nature.com/articles/s41598-020-80264-7,bLRHHLrvJVwJ
3,243,Current status and future prospects of mesenchymal stem cell-derived exosomes therapy for premature ovarian insufficiency,"X Zhang, S Wang - Journal of Ovarian Research, 2025 - Springer",X Zhang; S Wang,NO AUTOCITA,,https://link.springer.com/article/10.1186/s13048-025-01813-0,UVSehz3SEMYJ
4,244,The gene regulatory landscape driving mouse gonadal supporting cell differentiation,"I Stévant, E Abberbock, M Ridnik, R Weiss, L Swisa… - Science …, 2025 - science.org",I Stévant; E Abberbock; M Ridnik; R Weiss; L Swisa…,NO AUTOCITA,,https://www.science.org/doi/abs/10.1126/sciadv.adv1885,CEYEhUm2TR0J
5,245,FOXL2 transcriptionally represses Sf1 expression by antagonizing WT1 during ovarian development in mice,"K Takasawa, K Kashimada, E Pelosi… - The FASEB …, 2014 - pmc.ncbi.nlm.nih.gov",K Takasawa; K Kashimada; E Pelosi…,NO AUTOCITA,,https://pmc.ncbi.nlm.nih.gov/articles/PMC3986836/,Q2PBR1wKZkcJ
6,246,The molecular genetics of sex determination and sex reversal in mammals,"A Quinn, P Koopman - Seminars in reproductive medicine, 2012 - thieme-connect.com",A Quinn; P Koopman,NO AUTOCITA,,https://www.thieme-connect.com/products/ejournals/html/10.1055/s-0032-1324718,0ooubyqKBzMJ
7,247,Mammalian sex determination and gonad development,"D Wilhelm, JX Yang, P Thomás - Current topics in developmental biology, 2013 - Elsevier",D Wilhelm; JX Yang; P Thomas,NO AUTOCITA,,https://www.sciencedirect.com/science/article/pii/B9780124160217000031,JdQcVHUPfh4J
8,248,Reproductive and epigenetic outcomes associated with aging mouse oocytes,"FL Lopes, AL Fortier, N Darricarrere… - Human molecular …, 2009 - academic.oup.com",FL Lopes; AL Fortier; N Darricarrere,NO AUTOCITA,,https://academic.oup.com/hmg/article-abstract/18/11/2032/2527414,xXu6OOxZYZEJ
9,249,A cellular model provides insights into the pathogenicity of the oncogenic FOXL2 somatic variant p. Cys134Trp,"L Herman, A Amo, B Legois, C Di Carlo… - British Journal of …, 2024 - nature.com",L Herman; A Amo; B Legois; C Di Carlo…,NO AUTOCITA,,https://www.nature.com/articles/s41416-024-02613-x,9s2ebgdeufUJ
10,250,Whole-genome sequencing reveals sex determination and liver high-fat storage mechanisms of yellowstripe goby (Mugilogobius chulae),"L Cai, G Liu, Y Wei, Y Zhu, J Li, Z Miao, M Chen… - Communications …, 2021 - nature.com",L Cai; G Liu; Y Wei; Y Zhu; J Li; Z Miao; M Chen…,NO AUTOCITA,,https://www.nature.com/articles/s42003-020-01541-9,QIJ2SawI0xAJ
11,251,"Serum levels of insulin-like factor 3, anti-Müllerian hormone, inhibin B, and testosterone during pubertal transition in healthy boys: A longitudinal pilot study","ML Johansen, R Anand-Ivell, A Mouritsen… - …, 2014 - rep.bioscientifica.com",ML Johansen; R Anand-Ivell; A Mouritsen…,NO AUTOCITA,,https://rep.bioscientifica.com/view/journals/rep/147/4/529.xml,s50RSlRH7hcJ
12,252,The molecular and cellular basis of gonadal sex reversal in mice and humans,"N Warr, A Greenfield - Wiley Interdisciplinary Reviews …, 2012 - Wiley Online Library",N Warr; A Greenfield,NO AUTOCITA,,https://wires.onlinelibrary.wiley.com/doi/abs/10.1002/wdev.42,fsMHoH2ZwJ8J
13,253,"R-spondin1 signaling pathway is required for both the ovarian and testicular development in a teleosts, Nile tilapia (Oreochromis niloticus)","L Wu, P Yang, F Luo, D Wang, L Zhou - General and Comparative …, 2016 - Elsevier",L Wu; P Yang; F Luo; D Wang; L Zhou,NO AUTOCITA,,https://www.sciencedirect.com/science/article/pii/S0016648016300764,ZN9gvUlTRP0J
14,254,Mechanisms of activin-stimulated FSH synthesis: the story of a pig and a FOX,"DJ Bernard, S Tran - Biology of reproduction, 2013 - academic.oup.com",DJ Bernard; S Tran,NO AUTOCITA,,"https://academic.oup.com/biolreprod/article-abstract/88/3/78,%201-10/2514301",1gleGJ8KML4J
15,255,Systematic characterization of the ovarian landscape across mouse menopause models,"M Kim, R Bhala, J Wang, RJ Lu, EH Lee… - …, 2025 - pmc.ncbi.nlm.nih.gov",M Kim; R Bhala; J Wang; RJ Lu; EH Lee…,NO AUTOCITA,,https://pmc.ncbi.nlm.nih.gov/articles/PMC12259092/,dvwJZ1g0YVsJ
16,256,Functional evidence implicating FOXL2 in non-syndromic premature ovarian failure and in the regulation of the transcription factor OSR2,"P Laissue, B Lakhal, BA Benayoun… - Journal of medical …, 2009 - jmg.bmj.com",P Laissue; B Lakhal; BA Benayoun,NO AUTOCITA,,https://jmg.bmj.com/content/46/7/455.short,NkIRWsapsykJ
17,257,Extinction of FOXL2 expression in aggressive ovarian granulosa cell tumors in children,"N Kalfa, P Philibert, C Patte, A Ecochard, P Duvillard… - Fertility and sterility, 2007 - Elsevier",N Kalfa; P Philibert; C Patte; A Ecochard; P Duvillard…,NO AUTOCITA,,https://www.sciencedirect.com/science/article/pii/S0015028206043792,6kA4PTjQgJgJ
18,258,Molecular cloning and analysis of gonadal expression of Foxl2 in the rice-field eel Monopterus albus,"Q Hu, W Guo, Y Gao, R Tang, D Li - Scientific reports, 2014 - nature.com",Q Hu; W Guo; Y Gao; R Tang; D Li,NO AUTOCITA,,https://www.nature.com/articles/srep06884,it3Rkp-ib2UJ
19,259,Lack of Maternal Glutamate Cysteine Ligase Modifier Subunit (Gclm) Decreases Oocyte Glutathione Concentrations and Disrupts Preimplantation Development in …,"BN Nakamura, TJ Fielder, YD Hoang, J Lim… - …, 2011 - academic.oup.com",BN Nakamura; TJ Fielder; YD Hoang; J Lim,NO AUTOCITA,,https://academic.oup.com/endo/article-abstract/152/7/2806/2457222,baL4MlkTS9cJ
20,260,Loss of R-spondin1 and Foxl2 amplifies female-to-male sex reversal in XX mice,"A Auguste, AA Chassot, EP Gregoire, L Renault… - Sexual …, 2012 - karger.com",A Auguste; AA Chassot; EP Gregoire; L Renault…,NO AUTOCITA,,https://karger.com/sxd/article/5/6/304/296400,0JgGkPqyg14J
1,261,Foxl2 is required for the initiation of the female pathway in a temperature-dependent sex determination system in Trachemys scripta,"X Ma, F Liu, Q Chen, W Sun, J Shen, K Wu… - …, 2022 - journals.biologists.com",X Ma; F Liu; Q Chen; W Sun; J Shen; K Wu…,NO AUTOCITA,,https://journals.biologists.com/dev/article-abstract/149/13/dev200863/275948,YPXCzxCdYikJ
2,262,Minireview: activin signaling in gonadotropes: what does the FOX say… to the SMAD?,"J Fortin, L Ongaro, Y Li, S Tran, P Lamba… - Molecular …, 2015 - academic.oup.com",J Fortin; L Ongaro; Y Li; S Tran; P Lamba,NO AUTOCITA,,https://academic.oup.com/mend/article-abstract/29/7/963/2556521,dmhkRObF8A4J
3,263,Progesterone receptor membrane component 1 mediates progesterone-induced suppression of oocyte meiotic prophase I and primordial folliculogenesis,"M Guo, C Zhang, Y Wang, L Feng, Z Wang, W Niu… - Scientific reports, 2016 - nature.com",M Guo; C Zhang; Y Wang; L Feng; Z Wang; W Niu…,NO AUTOCITA,,https://www.nature.com/articles/srep36869,XsXqYEs2WQYJ
4,264,Trajectories and phenotypes with estrogen exposures across the lifespan: What does Goldilocks have to do with it?,"SV Koebele, HA Bimonte-Nelson - Hormones and behavior, 2015 - Elsevier",SV Koebele; HA Bimonte-Nelson,NO AUTOCITA,,https://www.sciencedirect.com/science/article/pii/S0018506X1500121X,qtOwCgB7aTEJ
5,265,Prevalence of predictive biomarkers in a large cohort of molecularly defined adult-type ovarian granulosa cell tumors,"RT Hillman, DI Lin, B Lawson, DM Gershenson - Gynecologic oncology, 2021 - Elsevier",RT Hillman; DI Lin; B Lawson; DM Gershenson,NO AUTOCITA,,https://www.sciencedirect.com/science/article/pii/S0090825821005187,dI5HZuquEa8J
6,266,Expression analysis of Sox9 genes during annual reproductive cycles in gonads and after nanodelivery of LHRH in Clarias batrachus,"IA Bhat, MA Rather, R Saha, GB Pathakota… - Research in veterinary …, 2016 - Elsevier",IA Bhat; MA Rather; R Saha; GB Pathakota…,NO AUTOCITA,,https://www.sciencedirect.com/science/article/pii/S0034528816300662,T_tAvja_2LsJ
7,267,Hormone-like effects of 4-vinylcyclohexene diepoxide on follicular development,"LB Cao, HB Liu, G Lu, Y Lv, CK Leung… - Frontiers in cell and …, 2020 - frontiersin.org",LB Cao; HB Liu; G Lu; Y Lv; CK Leung…,NO AUTOCITA,,https://www.frontiersin.org/journals/cell-and-developmental-biology/articles/10.3389/fcell.2020.00587/full,MsXlGjWA9TsJ
8,268,"Follicular development: mouse, sheep, and human models","A Rajkovic, SA Pangas… - Knobil and Neill's …, 2006 - books.google.com",A Rajkovic; SA Pangas,NO AUTOCITA,,https://books.google.com/books?hl=en&lr=&id=1_1cDe92k_YC&oi=fnd&pg=PA383&ots=DW2GmHkTDp&sig=uP0FOfzhOuOdH1YzXfQTXwygD3s,6G1YE5yrBBwJ
9,269,An embryonic and induced pluripotent stem cell model for ovarian granulosa cell development and steroidogenesis,"S Lipskind, JS Lindsey, B Gerami-Naini… - Reproductive …, 2018 - journals.sagepub.com",S Lipskind; JS Lindsey; B Gerami-Naini…,NO AUTOCITA,,https://journals.sagepub.com/doi/abs/10.1177/1933719117725814,MZSCLrG8KqwJ
10,270,"Expression of the histone lysine methyltransferases SETD1B, SETDB1, SETD2, and CFP1 exhibits significant changes in the oocytes and granulosa cells of aged …","Y Bilmez, G Talibova, S Ozturk - Histochemistry and Cell Biology, 2022 - Springer",Y Bilmez; G Talibova; S Ozturk,NO AUTOCITA,,https://link.springer.com/article/10.1007/s00418-022-02102-3,76SynfNOOBgJ
11,271,Follicular cells acquire sertoli cell characteristics after oocyte loss,"CJ Guigon, N Coudouel, S Mazaud-Guittot… - …, 2005 - academic.oup.com",CJ Guigon; N Coudouel; S Mazaud-Guittot,NO AUTOCITA,,https://academic.oup.com/endo/article-abstract/146/7/2992/2500084,NB7D4hBSO8IJ
12,272,FOXL2 impairment in human disease,"H Verdin, E De Baere - Hormone research in paediatrics, 2012 - karger.com",H Verdin; E De Baere,NO AUTOCITA,,https://karger.com/hrp/article/77/1/2/166291,lFjW3cK7GhMJ
13,273,Effects of aging and calorie restriction on the global gene expression profiles of mouse testis and ovary,"AA Sharov, G Falco, Y Piao, S Poosala, KG Becker… - BMC biology, 2008 - Springer",AA Sharov; G Falco; Y Piao; S Poosala; KG Becker,NO AUTOCITA,,https://link.springer.com/article/10.1186/1741-7007-6-24,XZXKamQBr_YJ
14,274,Effects of impending ovarian failure induced by 4-vinylcyclohexene diepoxide on fertility in C57BL/6 female mice,"JR Haas, PJ Christian, PB Hoyer - Comparative medicine, 2007 - aalas.kglmeridian.com",JR Haas; PJ Christian; PB Hoyer,NO AUTOCITA,,https://aalas.kglmeridian.com/view/journals/72010023/57/5/article-p443.xml,ejVs4MhGxWUJ
15,275,Cooperative effects of oocytes and estrogen on the forkhead box L2 expression in mural granulosa cells in mice,"H Ito, C Emori, M Kobayashi, N Maruyama, W Fujii… - Scientific Reports, 2022 - nature.com",H Ito; C Emori; M Kobayashi; N Maruyama; W Fujii,NO AUTOCITA,,https://www.nature.com/articles/s41598-022-24680-x,zuvHCzdHBLQJ
16,276,FOXL2 is an essential activator of SF-1-induced transcriptional regulation of anti-Müllerian hormone in human granulosa cells,"H Jin, M Won, SE Park, S Lee, M Park, J Bae - PLoS One, 2016 - journals.plos.org",H Jin; M Won; SE Park; S Lee; M Park; J Bae,NO AUTOCITA,,https://journals.plos.org/plosone/article?id=10.1371/journal.pone.0159112,4rTxYypS9NsJ
17,277,Dehydroepiandrosterone ameliorates abnormal mitochondrial dynamics and mitophagy of cumulus cells in poor ovarian responders,"CJ Li, SN Chen, LT Lin, CU Chern, PH Wang… - Journal of Clinical …, 2018 - mdpi.com",CJ Li; SN Chen; LT Lin; CU Chern; PH Wang…,NO AUTOCITA,,https://www.mdpi.com/2077-0383/7/10/293,xhWpWb_z338J
18,278,"A role for orphan nuclear receptor liver receptor homolog-1 (LRH-1, NR5A2) in primordial follicle activation","MC Meinsohn, CHK Hughes, A Estienne… - Scientific reports, 2021 - nature.com",MC Meinsohn; CHK Hughes; A Estienne,NO AUTOCITA,,https://www.nature.com/articles/s41598-020-80178-4,ojHlTf7ZZLQJ
19,279,R-spondin1 and FOXL2act into two distinct cellular types during goat ovarian differentiation,"A Kocer, I Pinheiro, M Pannetier, L Renault… - BMC Developmental …, 2008 - Springer",A Kocer; I Pinheiro; M Pannetier; L Renault…,NO AUTOCITA,,https://link.springer.com/article/10.1186/1471-213X-8-36,d5eG6ABmtxYJ
20,280,Identification of novel markers of mouse fetal ovary development,"H Chen, JS Palmer, RD Thiagarajan, ME Dinger… - 2012 - journals.plos.org",H Chen; JS Palmer; RD Thiagarajan; ME Dinger,NO AUTOCITA,,https://journals.plos.org/plosone/article?id=10.1371/journal.pone.0041683,4cHgSuySzcoJ
1,281,Oestrogen blocks the nuclear entry of SOX9 in the developing gonad of a marsupial mammal,"AJ Pask, NE Calatayud, G Shaw, WM Wood… - BMC biology, 2010 - Springer",AJ Pask; NE Calatayud; G Shaw; WM Wood…,NO AUTOCITA,,https://link.springer.com/article/10.1186/1741-7007-8-113,oAWfsbibTEAJ
2,282,Genes promoting and disturbing testis development,"FJ Barrionuevo, M Burgos, G Scherer… - Histol …, 2012 - researchgate.net",FJ Barrionuevo; M Burgos; G Scherer…,NO AUTOCITA,,https://www.researchgate.net/profile/Rafael-Jimenez-20/publication/231224503_Genes_promoting_and_disturbing_testis_development/links/55ac033e08aea3d08685e593/Genes-promoting-and-disturbing-testis-development.pdf,tUUh1VIDrrAJ
3,283,Characterization and gonadal expression of FOXL2 relative to Cyp19a genes in spotted scat Scatophagus argus,"H Liu, X Mu, L Gui, M Su, H Li, G Zhang, Z Liu, J Zhang - Gene, 2015 - Elsevier",H Liu; X Mu; L Gui; M Su; H Li; G Zhang; Z Liu; J Zhang,NO AUTOCITA,,https://www.sciencedirect.com/science/article/pii/S0378111914014863,mq6N5mL8LpQJ
4,284,Effects of Treatment with a DNA Methyltransferase Inhibitor 5-aza-dC on Sex Differentiation in Medaka (Oryzias latipes),"X Cui, L Xu, N Tian, J Peng - International Journal of Molecular Sciences, 2025 - mdpi.com",X Cui; L Xu; N Tian; J Peng,NO AUTOCITA,,https://www.mdpi.com/1422-0067/26/7/3280,8HYrStDsjvwJ
5,285,Establishing and maintaining fertility: the importance of cell cycle arrest,"ER Frost, G Taylor, MA Baker… - Genes & …, 2021 - genesdev.cshlp.org",ER Frost; G Taylor; MA Baker,NO AUTOCITA,,https://genesdev.cshlp.org/content/35/9-10/619.short,hoB1gk5oeHsJ
6,286,Decoding the transcriptome of pre-granulosa cells during the formation of primordial follicles in the mouse,"K Fukuda, M Muraoka, Y Kato… - Biology of Reproduction, 2021 - academic.oup.com",K Fukuda; M Muraoka; Y Kato,NO AUTOCITA,,https://academic.oup.com/biolreprod/article-abstract/105/1/179/6224405,rnmSYcbTBHoJ
7,287,FOXL2 down-regulates vitellogenin expression at mature stage in Eriocheir sinensis,"Q Li, J Xie, L He, Y Wang, H Yang, Z Duan… - Bioscience …, 2015 - portlandpress.com",Q Li; J Xie; L He; Y Wang; H Yang; Z Duan…,NO AUTOCITA,,https://portlandpress.com/bioscirep/article-abstract/35/6/e00278/56247,Rq2dbseZJ5cJ
8,288,"Proteome and transcriptome analysis of ovary, intersex gonads, and testis reveals potential key sex reversal/differentiation genes and mechanism in scallop Chlamys …","Y Shi, W Liu, M He - Marine Biotechnology, 2018 - Springer",Y Shi; W Liu; M He,NO AUTOCITA,,https://link.springer.com/article/10.1007/s10126-018-9800-1,UsvcszxKdhsJ
9,289,Gestational diabetes mellitus suppresses fetal testis development in mice,"JY Mo, YS Yan, ZL Lin, R Liu, XQ Liu… - Biology of …, 2022 - academic.oup.com",JY Mo; YS Yan; ZL Lin; R Liu; XQ Liu…,NO AUTOCITA,,https://academic.oup.com/biolreprod/article-abstract/107/1/148/6623300,cVclJV4HTaAJ
10,290,Sex reversal in non-human placental mammals,"P Parma, F Veyrunes, E Pailhoux - Sexual Development, 2016 - karger.com",P Parma; F Veyrunes; E Pailhoux,NO AUTOCITA,,https://karger.com/sxd/article-abstract/10/5-6/326/296443,EK5GrG4SYSUJ
11,291,Recent developments in identifying genetic determinants of premature ovarian failure,"A Skillern, A Rajkovic - Sexual Development, 2008 - karger.com",A Skillern; A Rajkovic,NO AUTOCITA,,https://karger.com/sxd/article-abstract/2/4-5/228/308443,dw8hIQA2Bx4J
12,292,Bovine in vitro reproduction models can contribute to the development of (female) fertility preservation strategies,"A Langbeen, E Bartholomeus, JLMR Leroy, PEJ Bols - Theriogenology, 2015 - Elsevier",A Langbeen; E Bartholomeus; JLMR Leroy; PEJ Bols,NO AUTOCITA,,https://www.sciencedirect.com/science/article/pii/S0093691X15001910,iPMWqTDhLgMJ
13,293,The prion or the related Shadoo protein is required for early mouse embryogenesis,"R Young, B Passet, M Vilotte, EP Cribiu, V Béringue… - FEBS letters, 2009 - Elsevier",R Young; B Passet; M Vilotte; EP Cribiu; V Béringue,NO AUTOCITA,,https://www.sciencedirect.com/science/article/pii/S0014579309007157,EIRp9RaeTlcJ
14,294,"Stem cells, self-renewal, and lineage commitment in the endocrine system","K Mariniello, G Ruiz-Babot, EC McGaugh… - Frontiers in …, 2019 - frontiersin.org",K Mariniello; G Ruiz-Babot; EC McGaugh…,NO AUTOCITA,,https://www.frontiersin.org/journals/endocrinology/articles/10.3389/fendo.2019.00772/full,iO_NFqWgmg0J
15,295,Regulation of follicle formation and development by ovarian signaling pathways,"RD Prasasya, KE Mayo - The ovary, 2019 - Elsevier",RD Prasasya; KE Mayo,NO AUTOCITA,,https://www.sciencedirect.com/science/article/pii/B9780128132098000029,-uCJhI6WaogJ
16,296,Aging alters histone H3 lysine 4 methylation in mouse germinal vesicle stage oocytes,"GB Shao, J Wang, LP Zhang, CY Wu, J Jin… - Reproduction, Fertility …, 2015 - connectsci.au",GB Shao; J Wang; LP Zhang; CY Wu; J Jin…,NO AUTOCITA,,https://connectsci.au/rd/article-abstract/27/2/419/50353,ljfKA7bUsHoJ
17,297,The molecular genetics of ovarian differentiation in the avian model,"KL Ayers, AH Sinclair, CA Smith - Sexual Development, 2012 - karger.com",KL Ayers; AH Sinclair; CA Smith,NO AUTOCITA,,https://karger.com/sxd/article-abstract/7/1-3/80/296616,kD1MZdTrURQJ
18,298,"TAF4b, a TBP associated factor, is required for oocyte development and function","AE Falender, M Shimada, YK Lo, JAS Richards - Developmental biology, 2005 - Elsevier",AE Falender; M Shimada; YK Lo; JAS Richards,NO AUTOCITA,,https://www.sciencedirect.com/science/article/pii/S0012160605006676,oAeehkANa9QJ
19,299,The mutations and potential targets of the forkhead transcription factor FOXL2,"L Moumne, F Batista, BA Benayoun… - Molecular and cellular …, 2008 - Elsevier",L Moumne; F Batista; BA Benayoun,NO AUTOCITA,,https://www.sciencedirect.com/science/article/pii/S0303720707004285,xSuVUXZ4Y6kJ
20,300,Transcriptome analysis of three critical periods of ovarian development in Yellow River carp (Cyprinus carpio),"Y Jia, P Nan, W Zhang, F Wang, R Zhang, T Liang, X Ji… - Theriogenology, 2018 - Elsevier",Y Jia; P Nan; W Zhang; F Wang; R Zhang; T Liang; X Ji…,NO AUTOCITA,,https://www.sciencedirect.com/science/article/pii/S0093691X17304193,nEC0ktPQICwJ
1,301,Age-associated lipidome changes in metaphase II mouse oocytes,"HJ Mok, H Shin, JW Lee, GK Lee, CS Suh, KP Kim… - PLoS …, 2016 - journals.plos.org",HJ Mok; H Shin; JW Lee; GK Lee; CS Suh; KP Kim,NO AUTOCITA,,https://journals.plos.org/plosone/article?id=10.1371/journal.pone.0148577,SV5VzJc0_RMJ
2,302,Connecting links between genetic factors defining ovarian reserve and recurrent miscarriages,"DD Dean, S Agarwal, P Tripathi - Journal of Assisted Reproduction and …, 2018 - Springer",DD Dean; S Agarwal; P Tripathi,NO AUTOCITA,,https://link.springer.com/article/10.1007/s10815-018-1305-3,d54511pWSLUJ
3,303,"Goat CLSTN2 gene: tissue expression profile, genetic variation, and its associations with litter size","D Wijayanti, Y Bai, Q Hanif, H Chen, H Zhu… - Animal …, 2023 - Taylor & Francis",D Wijayanti; Y Bai; Q Hanif; H Chen; H Zhu…,NO AUTOCITA,,https://www.tandfonline.com/doi/abs/10.1080/10495398.2022.2111311,CsiO8DhFH1kJ
4,304,Germ cell derivation from pluripotent stem cells for understanding in vitro gametogenesis,"TK Hong, JH Song, SB Lee, JT Do - Cells, 2021 - mdpi.com",TK Hong; JH Song; SB Lee; JT Do,NO AUTOCITA,,https://www.mdpi.com/2073-4409/10/8/1889,X5y4Msg3D4kJ
5,305,Estrogen regulates forkhead transcription factor 2 to promote apoptosis of human ovarian granulosa-like tumor cells,"J Wu, C Miao, X Lv, Y Zhang, Y Li, D Wang - The Journal of steroid …, 2019 - Elsevier",J Wu; C Miao; X Lv; Y Zhang; Y Li; D Wang,NO AUTOCITA,,https://www.sciencedirect.com/science/article/pii/S0960076018307660,lQ4IEfX3kmQJ
6,306,Germinal vesicle position and meiotic maturation in mouse oocyte,"S Brunet, B Maro - Reproduction, 2007 - rep.bioscientifica.com",S Brunet; B Maro,NO AUTOCITA,,https://rep.bioscientifica.com/view/journals/rep/133/6/1331069.xml,z8lTDlBH1JcJ
7,307,The forkhead transcription factor FOXL2 is expressed in somatic cells of the human ovary prior to follicle formation,"K Duffin, RAL Bayne, AJ Childs… - Molecular human …, 2009 - academic.oup.com",K Duffin; RAL Bayne; AJ Childs,NO AUTOCITA,,https://academic.oup.com/molehr/article-abstract/15/12/771/1047666,WFQaiqp4dFMJ
8,308,Current mechanisms of primordial follicle activation and new strategies for fertility preservation,"Y Zhang, X Zhou, Y Zhu, H Wang… - Molecular Human …, 2021 - academic.oup.com",Y Zhang; X Zhou; Y Zhu; H Wang…,NO AUTOCITA,,https://academic.oup.com/molehr/article-abstract/27/2/gaab005/6128515,8KVdH23P7SIJ
9,309,Gonad differentiation toward ovary,"S Lamothe, V Bernard, S Christin-Maitre - Annales d'Endocrinologie, 2020 - Elsevier",S Lamothe; V Bernard; S Christin-Maitre,NO AUTOCITA,,https://www.sciencedirect.com/science/article/pii/S0003426620300615,tTp9WvE46P4J
10,310,The molecular complexity of primary ovarian insufficiency aetiology and the use of massively parallel sequencing,"P Laissue - Molecular and Cellular Endocrinology, 2018 - Elsevier",P Laissue,NO AUTOCITA,,https://www.sciencedirect.com/science/article/pii/S0303720717303945,bKZu6XDiESYJ
11,311,Positive cross talk between FOXL2 and antimüllerian hormone regulates ovarian reserve,"M Park, DS Suh, K Lee, J Bae - Fertility and Sterility, 2014 - Elsevier",M Park; DS Suh; K Lee; J Bae,NO AUTOCITA,,https://www.sciencedirect.com/science/article/pii/S0015028214004944,VBKCubMcR5cJ
12,312,The endless quest for sex determination genes,"A Fleming, E Vilain - Clinical genetics, 2005 - Wiley Online Library",A Fleming; E Vilain,NO AUTOCITA,,https://onlinelibrary.wiley.com/doi/abs/10.1111/j.1399-0004.2004.00376.x,RFb_9ioVonIJ
13,313,High-Throughput Sequencing Analyses of XX Genital Ridges Lacking FOXL2 Reveal DMRT1 Up-Regulation Before SOX9 Expression During the Sex-Reversal …,"M Elzaiat, L Jouneau, D Thépot, C Klopp… - Biology of …, 2014 - academic.oup.com",M Elzaiat; L Jouneau; D Thépot; C Klopp,NO AUTOCITA,,"https://academic.oup.com/biolreprod/article-abstract/91/6/153,%201-14/2434233",OMb_Jl34UtYJ
14,314,Discovery of novel protein partners of the transcription factor FOXL2 provides insights into its physiopathological roles,"D L'Hôte, A Georges, AL Todeschini… - Human molecular …, 2012 - academic.oup.com",D L'Hôte; A Georges; AL Todeschini,NO AUTOCITA,,https://academic.oup.com/hmg/article-abstract/21/14/3264/2386466,sTs_2aJj1oIJ
15,315,FOXL2 mutations lead to different ovarian phenotypes in BPES patients: Case Report,"G Meduri, A Bachelot, C Duflos, B Bständig… - Human …, 2010 - academic.oup.com",G Meduri; A Bachelot; C Duflos; B Bständig…,NO AUTOCITA,,https://academic.oup.com/humrep/article-abstract/25/1/235/696004,GA__f5XqoaEJ
16,316,Crowding and follicular fate: spatial determinants of follicular reserve and activation of follicular growth in the mammalian ovary,"F Gaytan, C Morales, S Leon, D Garcia-Galiano… - PLoS …, 2015 - journals.plos.org",F Gaytan; C Morales; S Leon; D Garcia-Galiano,NO AUTOCITA,,https://journals.plos.org/plosone/article?id=10.1371/journal.pone.0144099,JD3RnPYQRsoJ
17,317,FOXL2 posttranslational modifications mediated by GSK3β determine the growth of granulosa cell tumours,"JH Kim, YH Kim, HM Kim, HO Park, NC Ha… - Nature …, 2014 - nature.com",JH Kim; YH Kim; HM Kim; HO Park; NC Ha,NO AUTOCITA,,https://www.nature.com/articles/ncomms3936,T-u3VhRXwRYJ
18,318,Single-cell RNA-seq analysis and cell-cluster deconvolution of the human preovulatory follicular fluid cells provide insights into the pathophysiology of ovarian …,"K Roos, I Rooda, RS Keif, M Liivrand… - Frontiers in …, 2022 - frontiersin.org",K Roos; I Rooda; RS Keif; M Liivrand,NO AUTOCITA,,https://www.frontiersin.org/journals/endocrinology/articles/10.3389/fendo.2022.945347/full,ZVaJMPpnZRkJ
19,319,Telling the story of XX sex reversal in the goat: highlighting the sex-crossroad in domestic mammals,"M Pannetier, M Elzaiat, D Thépot, E Pailhoux - Sexual Development, 2012 - karger.com",M Pannetier; M Elzaiat; D Thépot; E Pailhoux,NO AUTOCITA,,https://karger.com/sxd/article/6/1-3/33/304546,dSq-W5f98RkJ
20,320,New insights into ovarian function,"JAS Richards, SA Pangas - Fertility Control, 2010 - Springer",JAS Richards; SA Pangas,NO AUTOCITA,,https://link.springer.com/chapter/10.1007/978-3-642-02062-9_1,Zpmv6IGkob4J
1,321,Transcriptional factor FOXL2 interacts with DP103 and induces apoptosis,"K Lee, MD Pisarska, JJ Ko, Y Kang, S Yoon… - Biochemical and …, 2005 - Elsevier",K Lee; MD Pisarska; JJ Ko; Y Kang; S Yoon,NO AUTOCITA,,https://www.sciencedirect.com/science/article/pii/S0006291X0501911X,ZX-0euhFA1MJ
2,322,Mechanisms related to sexual determination by temperature in reptiles,"A Martínez-Juárez, N Moreno-Mendoza - Journal of Thermal Biology, 2019 - Elsevier",A Martínez-Juárez; N Moreno-Mendoza,NO AUTOCITA,,https://www.sciencedirect.com/science/article/pii/S0306456518304170,OXBIJ8Bn1qQJ
3,323,De novo gonad transcriptome analysis of the common littoral shrimp Palaemon serratus: novel insights into sex-related genes,"I González-Castellano, C Manfrin, A Pallavicini… - BMC genomics, 2019 - Springer",I González-Castellano; C Manfrin; A Pallavicini,NO AUTOCITA,,https://link.springer.com/article/10.1186/s12864-019-6157-4,z1nKmHDdW-QJ
4,324,The role of FOXL2 in the pathogenesis of adult ovarian granulosa cell tumours,"R Rosario, PA Cohen, AN Shelling - Gynecologic oncology, 2014 - Elsevier",R Rosario; PA Cohen; AN Shelling,NO AUTOCITA,,https://www.sciencedirect.com/science/article/pii/S0090825813013760,lqqW95MPNQsJ
5,325,"Reduced Foxo3a, FoxL2, and p27 mRNA expression in human ovarian tissue in premature ovarian insufficiency","N Thanatsis, A Kaponis, V Koika, NA Georgopoulos… - Hormones, 2019 - Springer",N Thanatsis; A Kaponis; V Koika; NA Georgopoulos,NO AUTOCITA,,https://link.springer.com/article/10.1007/s42000-019-00134-4,tfgg9dS8_7AJ
6,326,Identification of a goat intersexuality-associated novel variant through genome-wide resequencing and Hi-C,"DK Zhou, ZQ Zheng, BG Yang, XL Li, LH Li… - Frontiers in …, 2021 - frontiersin.org",DK Zhou; ZQ Zheng; BG Yang; XL Li; LH Li…,NO AUTOCITA,,https://www.frontiersin.org/journals/genetics/articles/10.3389/fgene.2020.616743/full,ZA3ujxqYzoMJ
7,327,"Cell-type specific modulation of pituitary cells by activin, inhibin and follistatin","LM Bilezikjian, NJ Justice, AN Blackler, E Wiater… - Molecular and cellular …, 2012 - Elsevier",LM Bilezikjian; NJ Justice; AN Blackler; E Wiater…,NO AUTOCITA,,https://www.sciencedirect.com/science/article/pii/S0303720712000755,Nf4-aqxMhGkJ
8,328,Dysregulation of WNT/CTNNB1 and PI3K/AKT signaling in testicular stromal cells causes granulosa cell tumor of the testis,"A Boyer, M Paquet, MN Laguë, L Hermo… - …, 2009 - academic.oup.com",A Boyer; M Paquet; MN Laguë; L Hermo…,NO AUTOCITA,,https://academic.oup.com/carcin/article-abstract/30/5/869/2476903,HCiSCOb4P0sJ
9,329,Effects of age and equine follicle-stimulating hormone (eFSH) on collection and viability of equine oocytes assessed by morphology and developmental competency …,"JL Altermatt, TK Suh, JE Stokes… - … Fertility and Development, 2009 - connectsci.au",JL Altermatt; TK Suh; JE Stokes…,NO AUTOCITA,,https://connectsci.au/rd/article-abstract/21/4/615/48651,adW29TnOuToJ
10,330,MiR-17-5p/FOXL2/CDKN1B signal programming in oocytes mediates transgenerational inheritance of diminished ovarian reserve in female offspring rats induced by …,"X Gong, S Dai, T Wang, J Zhang, G Fan, M Luo… - Cell Biology and …, 2023 - Springer",X Gong; S Dai; T Wang; J Zhang; G Fan; M Luo…,NO AUTOCITA,,https://link.springer.com/article/10.1007/s10565-021-09645-6,_NKlK2ONt10J
11,331,Building an ovary: insights into establishment of somatic cell lineages in the mouse,"B Nicol, HHC Yao - Sexual Development, 2014 - karger.com",B Nicol; HHC Yao,NO AUTOCITA,,https://karger.com/sxd/article-abstract/8/5/243/304456,ttQtMiALC8AJ
12,332,"Two persistent organic pollutants which act through different xenosensors (alpha-endosulfan and 2, 3, 7, 8 tetrachlorodibenzo-p-dioxin) interact in a mixture and …","A Ambolet-Camoit, C Ottolenghi, A Leblanc, MJ Kim… - Biochimie, 2015 - Elsevier",A Ambolet-Camoit; C Ottolenghi; A Leblanc; MJ Kim…,NO AUTOCITA,,https://www.sciencedirect.com/science/article/pii/S0300908415002114,5Zz8MVHKN3gJ
13,333,Role of Foxl2 in uterine maturation and function,"B Bellessort, A Bachelot, É Heude… - Human molecular …, 2015 - academic.oup.com",B Bellessort; A Bachelot; É Heude,NO AUTOCITA,,https://academic.oup.com/hmg/article-abstract/24/11/3092/719959,nPE---nQRlsJ
14,334,The Parkes lecture. Mutations of gonadotrophin and gonadotrophin receptor genes: what do they teach us about reproductive physiology?,"I Huhtaniemi - Reproduction, 2000 - academic.oup.com",I Huhtaniemi,NO AUTOCITA,,https://academic.oup.com/reproduction/article-abstract/119/2/173/8265288,VKzzI-9CQnsJ
15,335,Complementary pathways in mammalian female sex determination,"S Nef, JD Vassalli - Journal of biology, 2009 - Springer",S Nef; JD Vassalli,NO AUTOCITA,,https://link.springer.com/article/10.1186/jbiol173,Np-K_Xml5A4J
16,336,Positive and negative feedback regulates the transcription factor FOXL2 in response to cell stress: evidence for a regulatory imbalance induced by disease-causing …,"BA Benayoun, F Batista, J Auer… - Human molecular …, 2009 - academic.oup.com",BA Benayoun; F Batista; J Auer…,NO AUTOCITA,,https://academic.oup.com/hmg/article-abstract/18/4/632/601371,MLg1byt5haEJ
17,337,Heterogeneity in sexual bipotentiality and plasticity of granulosa cells in developing mouse ovaries,"K Harikae, K Miura, M Shinomura… - Journal of cell …, 2013 - journals.biologists.com",K Harikae; K Miura; M Shinomura…,NO AUTOCITA,,https://journals.biologists.com/jcs/article-abstract/126/13/2834/53645,fNkmkxKdWegJ
18,338,LIF and bFGF enhanced chicken primordial follicle activation by Wnt/β-catenin pathway,"C Guo, J Dong, Y Ma, S Zhou, W Zeng, G Liu, C Zhang - Theriogenology, 2021 - Elsevier",C Guo; J Dong; Y Ma; S Zhou; W Zeng; G Liu; C Zhang,NO AUTOCITA,,https://www.sciencedirect.com/science/article/pii/S0093691X21003307,cZ19STkp12oJ
19,339,Blocking estrogen-induced AMH expression is crucial for normal follicle formation,"R Tanimoto, K Sekii, K Morohaku, J Li, D Pepin… - …, 2021 - journals.biologists.com",R Tanimoto; K Sekii; K Morohaku; J Li; D Pepin,NO AUTOCITA,,https://journals.biologists.com/dev/article-abstract/148/6/dev197459/237850,x4-jd2EW5TAJ
20,340,Fox tales: regulation of gonadotropin gene expression by forkhead transcription factors,"VG Thackray - Molecular and cellular endocrinology, 2014 - Elsevier",VG Thackray,NO AUTOCITA,,https://www.sciencedirect.com/science/article/pii/S030372071300436X,bYdM_4YOZcwJ
1,341,"Estrogen alters gonadal soma-derived factor (Gsdf)/Foxl2 expression levels in the testes associated with testis-ova differentiation in adult medaka, Oryzias latipes","T Kobayashi, A Chiba, T Sato, T Myosho, J Yamamoto… - Aquatic Toxicology, 2017 - Elsevier",T Kobayashi; A Chiba; T Sato; T Myosho; J Yamamoto…,NO AUTOCITA,,https://www.sciencedirect.com/science/article/pii/S0166445X17302333,ipFFh0kVsSkJ
2,342,Variant Curation of the Largest Compendium of FOXL2 Coding and Noncoding Sequence and Structural Variants in BPES,"C Matton, J Van De Velde, M De Bruyne… - Human …, 2026 - Wiley Online Library",C Matton; J Van De Velde; M De Bruyne…,NO AUTOCITA,,https://onlinelibrary.wiley.com/doi/abs/10.1155/humu/8478740,R8RXnjIz4GEJ
3,343,Activation of autophagy in early neonatal mice increases primordial follicle number and improves lifelong fertility,"R Watanabe, S Sasaki, N Kimura - Biology of Reproduction, 2020 - academic.oup.com",R Watanabe; S Sasaki; N Kimura,NO AUTOCITA,,https://academic.oup.com/biolreprod/article-abstract/102/2/399/5574038,4S6WZlrPEiIJ
4,344,Mitogen-activated protein kinase kinase kinase 1 (MAP3K1) integrates developmental signals for eyelid closure,"E Geh, Q Meng, M Mongan, J Wang, A Takatori… - Proceedings of the …, 2011 - pnas.org",E Geh; Q Meng; M Mongan; J Wang; A Takatori,NO AUTOCITA,,https://www.pnas.org/doi/abs/10.1073/pnas.1102297108,NoXVCASmU5QJ
5,345,Oocyte senescence: a firm link to age-related female subfertility,"C Tatone - Gynecological Endocrinology, 2008 - Taylor & Francis",C Tatone,NO AUTOCITA,,https://www.tandfonline.com/doi/abs/10.1080/09513590701733504,p7PYM_8bngAJ
6,346,"Temperature, Genes, and Sex: a Comparative View of Sex Determination in Trachemys scripta and Mus musculus","HHC Yao, B Capel - Journal of biochemistry, 2005 - academic.oup.com",HHC Yao; B Capel,NO AUTOCITA,,https://academic.oup.com/jb/article-abstract/138/1/5/862659,1UbHv9CQmDcJ
7,347,Transcriptome-wide N6-methyladenine methylation in granulosa cells of women with decreased ovarian reserve,"C Liu, L Li, B Yang, Y Zhao, X Dong, L Zhu, X Ren… - BMC genomics, 2022 - Springer",C Liu; L Li; B Yang; Y Zhao; X Dong; L Zhu; X Ren…,NO AUTOCITA,,https://link.springer.com/article/10.1186/s12864-022-08462-3,40lakpFFZ5AJ
8,348,Effects of sexual steroids on the expression of foxl2 in Gobiocypris rarus,"W Jiang, Y Yang, D Zhao, X Liu, J Duan, S Xie… - … and Physiology Part B …, 2011 - Elsevier",W Jiang; Y Yang; D Zhao; X Liu; J Duan; S Xie…,NO AUTOCITA,,https://www.sciencedirect.com/science/article/pii/S1096495911001722,l61cJZQ1eIoJ
9,349,The identification and characterization of a FOXL2 response element provides insights into the pathogenesis of mutant alleles,"BA Benayoun, S Caburet… - Human molecular …, 2008 - academic.oup.com",BA Benayoun; S Caburet,NO AUTOCITA,,https://academic.oup.com/hmg/article-abstract/17/20/3118/593624,F5yd5xV_RUkJ
10,350,Ceramide and mitochondrial function in aging oocytes: joggling a new hypothesis and old players,"LL Kujjo, GI Perez - Reproduction, 2012 - academic.oup.com",LL Kujjo; GI Perez,NO AUTOCITA,,https://academic.oup.com/reproduction/article-abstract/143/1/1/8243478,XDMnmhFZv9AJ
11,351,Procr-expressing granulosa cells are highly proliferative and are important for follicle development,"J Wang, K Chu, Y Wang, J Li, J Fu, YA Zeng, W Li - Iscience, 2021 - cell.com",J Wang; K Chu; Y Wang; J Li; J Fu; YA Zeng; W Li,NO AUTOCITA,,https://www.cell.com/iscience/fulltext/S2589-0042(21)00033-X,HgXgJt498kUJ
12,352,Circular RNA expression profiles and CircSnd1-miR-135b/c-foxl2 axis analysis in gonadal differentiation of protogynous hermaphroditic ricefield eel Monopterus albus,"Z He, Z Ma, D Yang, Q Chen, Z He, J Hu, F Deng… - BMC genomics, 2022 - Springer",Z He; Z Ma; D Yang; Q Chen; Z He; J Hu; F Deng…,NO AUTOCITA,,https://link.springer.com/article/10.1186/s12864-022-08783-3,0ye3a-S8Y9YJ
13,353,"Human forkhead L2 represses key genes in granulosa cell differentiation including aromatase, P450scc, and cyclin D2","IK Bentsi-Barnes, FT Kuo, GM Barlow, MD Pisarska - Fertility and sterility, 2010 - Elsevier",IK Bentsi-Barnes; FT Kuo; GM Barlow; MD Pisarska,NO AUTOCITA,,https://www.sciencedirect.com/science/article/pii/S001502820903800X,-Esop3h-rcEJ
14,354,FOXL2 and FOXA1 cooperatively assemble on the TP53 promoter in alternative dimer configurations,"Y Choi, Y Luo, S Lee, H Jin, HJ Yoon… - Nucleic Acids …, 2022 - academic.oup.com",Y Choi; Y Luo; S Lee; H Jin; HJ Yoon…,NO AUTOCITA,,https://academic.oup.com/nar/article-abstract/50/15/8929/6654407,fbgdnkxLVmkJ
15,355,Either Kras activation or Pten loss similarly enhance the dominant-stable CTNNB1-induced genetic program to promote granulosa cell tumor development in the ovary …,"JS Richards, HY Fan, Z Liu, M Tsoi, MN Laguë, A Boyer… - Oncogene, 2012 - nature.com",JS Richards; HY Fan; Z Liu; M Tsoi; MN Laguë; A Boyer,NO AUTOCITA,,https://www.nature.com/articles/onc2011341,VCZBPZunRZIJ
16,356,Conditional ablation of Insr and Igf1r using Esr2-Cre leads to abnormal ovarian follicle development and infertility in mice,"N Sekulovski, AE Whorton, M Shi… - Biology of …, 2025 - academic.oup.com",N Sekulovski; AE Whorton; M Shi…,NO AUTOCITA,,https://academic.oup.com/biolreprod/article-abstract/113/5/1196/8223129,FUygzw6h3NIJ
17,357,A low dose of bisphenol A stimulates estradiol production by regulating β-catenin-FOXL2-CYP19A1 pathway in human ovarian granulosa cells,"H Liu, H Jin, G Kim, J Bae - Biochemical and Biophysical Research …, 2021 - Elsevier",H Liu; H Jin; G Kim; J Bae,NO AUTOCITA,,https://www.sciencedirect.com/science/article/pii/S0006291X21014935,xeK8qFrNZtkJ
18,358,"Etiology of craniofacial malformations in mouse models of blepharophimosis, ptosis and epicanthus inversus syndrome","É Heude, B Bellessort, A Fontaine… - Human molecular …, 2015 - academic.oup.com",É Heude; B Bellessort; A Fontaine…,NO AUTOCITA,,https://academic.oup.com/hmg/article-abstract/24/6/1670/684404,cgsL9vARyoQJ
19,359,Hes1 in the somatic cells of the murine ovary is necessary for oocyte survival and maturation,"I Manosalva, A González, R Kageyama - Developmental biology, 2013 - Elsevier",I Manosalva; A González; R Kageyama,NO AUTOCITA,,https://www.sciencedirect.com/science/article/pii/S0012160612006811,wmHEHKnwpT8J
20,360,Chromatin deactivation in pre-granulosa cells contributes to primordial follicle formation,"X Wang, X Qiu, Y Ma, X Guo, J Wei, F Wang… - Journal of Biological …, 2025 - Elsevier",X Wang; X Qiu; Y Ma; X Guo; J Wei; F Wang…,NO AUTOCITA,,https://www.sciencedirect.com/science/article/pii/S0021925825024494,_W3Q4qpaqK0J
1,361,Molecular mechanisms of sex differentiation in sturgeons,"M Fajkowska, T Ostaszewska… - Reviews in …, 2020 - Wiley Online Library",M Fajkowska; T Ostaszewska…,NO AUTOCITA,,https://onlinelibrary.wiley.com/doi/abs/10.1111/raq.12369,hCq1CSKFmCoJ
2,362,Mouse ovary developmental RNA and protein markers from gene expression profiling,"L Herrera, C Ottolenghi, JE Garcia-Ortiz… - Developmental …, 2005 - Elsevier",L Herrera; C Ottolenghi; JE Garcia-Ortiz,AUTOCITA,JE Garcia-Ortiz,https://www.sciencedirect.com/science/article/pii/S0012160604008243,vtKzG2upFYQJ
3,363,Gonadal sex differentiation and ovarian organogenesis along the cortical–medullary axis in mammals,"K Imaimatsu, A Uchida, R Hiramatsu… - International Journal of …, 2022 - mdpi.com",K Imaimatsu; A Uchida; R Hiramatsu…,NO AUTOCITA,,https://www.mdpi.com/1422-0067/23/21/13373,Ch9wO1rJjcAJ
4,364,"Genome-wide identification, phylogeny, and gonadal expression of fox genes in Nile tilapia, Oreochromis niloticus","J Yuan, W Tao, Y Cheng, B Huang, D Wang - Fish physiology and …, 2014 - Springer",J Yuan; W Tao; Y Cheng; B Huang; D Wang,NO AUTOCITA,,https://link.springer.com/article/10.1007/s10695-014-9919-6,AuszUhvgVO0J
5,365,Screening for FOXL2 gene mutations in women with premature ovarian failure: an Indian experience,"S Chatterjee, D Modi, A Maitra, S Kadam, Z Patel… - Reproductive …, 2007 - Elsevier",S Chatterjee; D Modi; A Maitra; S Kadam; Z Patel…,NO AUTOCITA,,https://www.sciencedirect.com/science/article/pii/S1472648310603884,E0Pte62TyKcJ
6,366,Potential FSH-mediated molecular pathway to regulate follicle development in striped hamsters (Cricetulus barabensis) supported by strong correlative evidence,"H Xue, Y Zheng, C Fan, J Xu, L Chen, M Wu, L Xu - PloS one, 2025 - journals.plos.org",H Xue; Y Zheng; C Fan; J Xu; L Chen; M Wu; L Xu,NO AUTOCITA,,https://journals.plos.org/plosone/article?id=10.1371/journal.pone.0339880,jjGdCzDZ--AJ
7,367,Evidence for FOXL2 Association with the Tsc1 Regulatory Region in Mice,"M Marongiu, L Marcia, A Sbardellati, M Deiana… - Biomolecules, 2026 - mdpi.com",M Marongiu; L Marcia; A Sbardellati; M Deiana…,NO AUTOCITA,,https://www.mdpi.com/2218-273X/16/4/510,qHoHuEbDGFkJ
8,368,Oocytes suppress FOXL2 expression in cumulus cells in mice,"C Emori, H Ito, W Fujii, K Naito… - Biology of …, 2020 - academic.oup.com",C Emori; H Ito; W Fujii; K Naito…,NO AUTOCITA,,https://academic.oup.com/biolreprod/article-abstract/103/1/85/5822579,Oa3cynT57uAJ
9,369,"Effect of bovine age on the proliferative activity, global DNA methylation, relative telomere length and telomerase activity of granulosa cells","H Goto, H Iwata, S Takeo, K Nisinosono, S Murakami… - Zygote, 2013 - cambridge.org",H Goto; H Iwata; S Takeo; K Nisinosono; S Murakami…,NO AUTOCITA,,https://www.cambridge.org/core/journals/zygote/article/effect-of-bovine-age-on-the-proliferative-activity-global-dna-methylation-relative-telomere-length-and-telomerase-activity-of-granulosa-cells/70DD864D4647E7555BE1963DD992D5A5,DiII5jViboMJ
10,370,Synergistic role of β-catenin1 and 2 in ovarian differentiation and maintenance of female pathway in Nile tilapia,"L Wu, F Wu, L Xie, D Wang, L Zhou - Molecular and cellular endocrinology, 2016 - Elsevier",L Wu; F Wu; L Xie; D Wang; L Zhou,NO AUTOCITA,,https://www.sciencedirect.com/science/article/pii/S0303720716300508,7vuw03bx_UIJ
11,371,Ex vivo cultures combined with vivo-morpholino induced gene knockdown provide a system to assess the role of WT1 and GATA4 during gonad differentiation,"LJ Rudigier, C Dame, H Scholz, KM Kirschner - PloS one, 2017 - journals.plos.org",LJ Rudigier; C Dame; H Scholz; KM Kirschner,NO AUTOCITA,,https://journals.plos.org/plosone/article?id=10.1371/journal.pone.0176296,D7LkU7iY76UJ
12,372,An inducible FOXL2-dependent mouse model of ovarian adult type granulosa cell tumor,"J Li, T Welte, K Calzoncinth, VK Vuttaradhi… - Gynecologic …, 2025 - Elsevier",J Li; T Welte; K Calzoncinth; VK Vuttaradhi,NO AUTOCITA,,https://www.sciencedirect.com/science/article/pii/S009082582500023X,oJqDRFTIkB0J
13,373,Determination and stability of gonadal sex,"D Schlessinger, JE Garcia‐Ortiz… - Journal of …, 2010 - Wiley Online Library",D Schlessinger; JE Garcia‐Ortiz,AUTOCITA,JE Garcia‐Ortiz,https://onlinelibrary.wiley.com/doi/abs/10.2164/jandrol.109.008201,s14b0u9Vx44J
14,374,A comparative view on sex differentiation and gametogenesis genes in lungfish and coelacanths,"MA Biscotti, MC Adolfi, M Barucca… - Genome Biology and …, 2018 - academic.oup.com",MA Biscotti; MC Adolfi; M Barucca…,NO AUTOCITA,,https://academic.oup.com/gbe/article-abstract/10/6/1430/5020732,s6DW_z5Zvh4J
15,375,Postnatal Ovarian Transdifferentiation in the Absence of Estrogen Receptor Signaling Is Dependent on Genetic Background,"AK Binder, KA Burns, KF Rodriguez, K Hamilton… - …, 2025 - academic.oup.com",AK Binder; KA Burns; KF Rodriguez; K Hamilton…,NO AUTOCITA,,https://academic.oup.com/endo/article-abstract/166/1/bqae157/7907070,QXK92_PT9FMJ
16,376,Ambiguous genitalia,"SF Witchel, PA Lee - Sperling Pediatric Endocrinology, 2021 - Elsevier",SF Witchel; PA Lee,NO AUTOCITA,,https://www.sciencedirect.com/science/article/pii/B9780323625203000063,tL2Bj23P-S4J
17,377,Molecular identification and expression of the Foxl2 gene during gonadal sex differentiation in northern snakehead Channa argus,"DD Wang, GR Zhang, KJ Wei, W Ji… - Fish physiology and …, 2015 - Springer",DD Wang; GR Zhang; KJ Wei; W Ji,NO AUTOCITA,,https://link.springer.com/article/10.1007/s10695-015-0096-z,G4wqphHp330J
18,378,Determination and stability of sex,"C Ottolenghi, M Uda, L Crisponi, S Omari, A Cao… - …, 2007 - Wiley Online Library",C Ottolenghi; M Uda; L Crisponi; S Omari; A Cao…,NO AUTOCITA,,https://onlinelibrary.wiley.com/doi/abs/10.1002/bies.20515,WHfFwFbBaygJ
19,379,Impaired FSHβ Expression in the Pituitaries of Foxl2 Mutant Animals,"NJ Justice, AL Blount, E Pelosi… - Molecular …, 2011 - academic.oup.com",NJ Justice; AL Blount; E Pelosi…,NO AUTOCITA,,https://academic.oup.com/mend/article-abstract/25/8/1404/2614913,IQjHl4vwRKkJ
20,380,SMAD3 activation: a converging point of dysregulated TGF-Beta superfamily signaling and genetic aberrations in granulosa cell tumor development?,"X Fang, Y Gao, Q Li - Biology of Reproduction, 2016 - academic.oup.com",X Fang; Y Gao; Q Li,NO AUTOCITA,,"https://academic.oup.com/biolreprod/article-abstract/95/5/105,%201-7/2883464",vsnGwb1MzJkJ
1,381,Molecular cloning and expression patterns of a sex-biased transcriptional factor Foxl2 in the giant freshwater prawn (Macrobrachium rosenbergii),"Y Zhu, H Chen, Q Zhang, K Tan, S Liao… - Molecular Biology …, 2023 - Springer",Y Zhu; H Chen; Q Zhang; K Tan; S Liao…,NO AUTOCITA,,https://link.springer.com/article/10.1007/s11033-022-07526-7,iRo-B4ltVh4J
2,382,Proteome and Transcriptome Analysis of Gonads Reveals Intersex in Gigantidas haimaensis,"Y Shi, G Yao, H Zhang, H Jia, P Xiong, M He - BMC genomics, 2022 - Springer",Y Shi; G Yao; H Zhang; H Jia; P Xiong; M He,NO AUTOCITA,,https://link.springer.com/article/10.1186/s12864-022-08407-w,wHso3vUdxGwJ
3,383,Primordial Germ Cell Migration and Histological and Molecular Characterization of Gonadal Differentiation in Pachón Cavefish Astyanax mexicanus,"B Imarazene, S Beille, E Jouanno, A Branthonne… - Sexual …, 2021 - karger.com",B Imarazene; S Beille; E Jouanno; A Branthonne…,NO AUTOCITA,,https://karger.com/sxd/article-abstract/14/1-6/80/296279,Sbb3hO5HquwJ
4,384,Ovarian aging in squirrel monkeys (Saimiri sciureus),"ML Walker, DC Anderson, JG Herndon… - Reproduction, 2009 - academic.oup.com",ML Walker; DC Anderson; JG Herndon,NO AUTOCITA,,https://academic.oup.com/reproduction/article-abstract/138/5/793/8243054,0uk2AimHj1EJ
5,385,Sex determination and sex reversal,"G Camerino, P Parma, O Radi, S Valentini - Current Opinion in Genetics & …, 2006 - Elsevier",G Camerino; P Parma; O Radi; S Valentini,NO AUTOCITA,,https://www.sciencedirect.com/science/article/pii/S0959437X0600075X,8Yu0LnePesgJ
6,386,"FGF9, activin and TGFβ promote testicular characteristics in an XX gonad organ culture model","SE Gustin, JM Stringer, K Hogg, AH Sinclair… - …, 2016 - academic.oup.com",SE Gustin; JM Stringer; K Hogg; AH Sinclair…,NO AUTOCITA,,https://academic.oup.com/reproduction/article-abstract/152/5/529/8236240,OzmVGYIxqSkJ
7,387,Comparative transcriptome analysis of testes and ovaries for the discovery of novel genes from Amur sturgeon (Acipenser schrenckii),"SB Jin, Y Zhang, XL Dong, QK Xi… - Genetics and …, 2015 - scholar.archive.org",SB Jin; Y Zhang; XL Dong; QK Xi…,NO AUTOCITA,,https://scholar.archive.org/work/c32hic76pramfbh3dnd5e47lzm/access/wayback/http://www.funpecrp.com.br/gmr/year2015/vol14-4/pdf/gmr7241.pdf,eSbw6WPfXHoJ
8,388,CRISPR targeting of FOXL2 c.402C>G mutation reduces malignant phenotype in granulosa tumor cells and identifies anti‐tumoral compounds,"S Amarilla‐Quintana, P Navarro… - Molecular …, 2025 - Wiley Online Library",S Amarilla‐Quintana; P Navarro…,NO AUTOCITA,,https://febs.onlinelibrary.wiley.com/doi/abs/10.1002/1878-0261.13799,VaLfZTc3QdcJ
9,389,Genetic and Clinical Features of FOXL2‐Associated Blepharophimosis–Ptosis–Epicanthus Inversus Syndrome Based on 11 Chinese Families and Literature Review,"Y Dong, X Xiao, S Li, X Jia, W Sun… - American Journal of …, 2026 - Wiley Online Library",Y Dong; X Xiao; S Li; X Jia; W Sun…,NO AUTOCITA,,https://onlinelibrary.wiley.com/doi/abs/10.1002/ajmga.70058,hR1tHExDwo4J
10,390,The gonadal supporting cell lineage and mammalian sex determination: the differentiation of sertoli and granulosa cells,"GA Carré, A Greenfield - Molecular Mechanisms of Cell Differentiation in …, 2016 - Springer",GA Carré; A Greenfield,NO AUTOCITA,,https://link.springer.com/chapter/10.1007/978-3-319-31973-5_3,JNY4JUKh7b8J
11,391,Mouse forkhead L2 maintains repression of FSH-dependent genes in the granulosa cell,"FT Kuo, K Fan, I Bentsi-Barnes, GM Barlow… - …, 2012 - rep.bioscientifica.com",FT Kuo; K Fan; I Bentsi-Barnes; GM Barlow…,NO AUTOCITA,,https://rep.bioscientifica.com/view/journals/rep/144/4/485.xml,7MVV97u2cKYJ
12,392,Gene expression profiles of bovine genital ridges during sex determination and early differentiation of the gonads,"B Planells, I Gómez-Redondo, JM Sánchez… - Biology of …, 2020 - academic.oup.com",B Planells; I Gómez-Redondo; JM Sánchez,NO AUTOCITA,,https://academic.oup.com/biolreprod/article-abstract/102/1/38/5554975,iwe7hD0dnJQJ
13,393,"FOXL2 suppresses proliferation, invasion and promotes apoptosis of cervical cancer cells","XL Liu, YH Meng, JL Wang, BB Yang… - … journal of clinical …, 2014 - pmc.ncbi.nlm.nih.gov",XL Liu; YH Meng; JL Wang; BB Yang…,NO AUTOCITA,,https://pmc.ncbi.nlm.nih.gov/articles/PMC4014233/,EO4a3kBzIcgJ
14,394,Rowley review. Sex determination in birds: A review,"CA Smith - Emu, 2010 - connectsci.au",CA Smith,NO AUTOCITA,,https://connectsci.au/mu/article-abstract/110/4/364/99550,NHKQQF-EvwIJ
15,395,Natural exceptions to normal gonad development in mammals,"R Jiménez, FJ Barrionuevo, M Burgos - Sexual Development, 2012 - karger.com",R Jiménez; FJ Barrionuevo; M Burgos,NO AUTOCITA,,https://karger.com/sxd/article-abstract/7/1-3/147/296630,xcYRjYV4UugJ
16,396,"Ontogeny of RSPO1, FOXL2, and RUNX1 during ovarian differentiation in the marsupial tammar wallaby","MR Paranjpe, Y Chen, G Shaw… - Developmental …, 2026 - Wiley Online Library",MR Paranjpe; Y Chen; G Shaw,NO AUTOCITA,,https://anatomypubs.onlinelibrary.wiley.com/doi/abs/10.1002/dvdy.70048,BkNPoOlgyhYJ
17,397,"Clinical, radiologic, and genetic features in blepharophimosis, ptosis, and epicanthus inversus syndrome in the Indian population","B Chawla, Y Bhadange, R Dada… - … & visual science, 2013 - iovs.arvojournals.org",B Chawla; Y Bhadange; R Dada…,NO AUTOCITA,,https://iovs.arvojournals.org/article.aspx?articleid=2189589,7QcSzRu9qDkJ
18,398,Single-cell transcriptome landscape of developing fetal gonads defines somatic cell lineage specification in humans,"A Lardenois, A Suglia, CL Moore, B Evrard, L Noël… - BioRxiv, 2023 - biorxiv.org",A Lardenois; A Suglia; CL Moore; B Evrard; L Noël…,NO AUTOCITA,,https://www.biorxiv.org/content/10.1101/2023.08.07.552336.abstract,cyn_Bd0OCrQJ
19,399,Prediction of Aging Pace and Health Risks by Granulosa Cell DNA Methylation,"AM Herweck, JB Spencer, DY Simpson, W Shang… - Fertility and …, 2025 - Elsevier",AM Herweck; JB Spencer; DY Simpson; W Shang…,NO AUTOCITA,,https://www.sciencedirect.com/science/article/pii/S0015028225005837,THq-Ys3ZtFcJ
20,400,"Integrated analysis of microRNA and mRNA expression profiles during the sex-differentiation sensitive period in oriental river prawn, Macrobrachium nipponense","S Jin, H Fu, S Sun, S Jiang, Y Xiong, Y Gong, H Qiao… - Scientific Reports, 2017 - nature.com",S Jin; H Fu; S Sun; S Jiang; Y Xiong; Y Gong; H Qiao…,NO AUTOCITA,,https://www.nature.com/articles/s41598-017-10867-0,GUiqjCiWmo8J
1,401,Conditional Deletion of the Retinoblastoma (Rb) Gene in Ovarian Granulosa Cells Leads to Premature Ovarian Failure,"C Andreu-Vieyra, R Chen… - Molecular endocrinology, 2008 - academic.oup.com",C Andreu-Vieyra; R Chen…,NO AUTOCITA,,https://academic.oup.com/mend/article-abstract/22/9/2141/2661112,FI4zDLykzwUJ
2,402,Zinc Deficiency Disrupts Germ Cell Nest Breakdown During In Vitro Ovary Culture,"JM Hester, SM Getman, ME Pepling… - Molecular reproduction …, 2026 - Wiley Online Library",JM Hester; SM Getman; ME Pepling…,NO AUTOCITA,,https://onlinelibrary.wiley.com/doi/abs/10.1002/mrd.70092,QKoHqAAebOgJ
3,403,"Sex determination factor, a novel male-linked gene in the sea cucumber Apostichopus japonicus: Molecular characterization, expression patterns and effects of gene …","W Meng, L Kong, A Abulizi, J Cong, Z Sun… - … and Physiology Part B …, 2025 - Elsevier",W Meng; L Kong; A Abulizi; J Cong; Z Sun…,NO AUTOCITA,,https://www.sciencedirect.com/science/article/pii/S1096495925000028,0YRSC-moOiwJ
4,404,"Foxl2, a forkhead transcription factor, modulates nonclassical activity of the estrogen receptor-α","SY Kim, J Weiss, M Tong, MM Laronda, EJ Lee… - …, 2009 - academic.oup.com",SY Kim; J Weiss; M Tong; MM Laronda; EJ Lee…,NO AUTOCITA,,https://academic.oup.com/endo/article-abstract/150/11/5085/2455484,JCMqiFKZL-sJ
5,405,Investigating Mechanisms of Ovarian Aging and Menopause Timing Using a Stochastic Approach,"Z Lyu, AB Kolomeisky - The Journal of Physical Chemistry Letters, 2025 - ACS Publications",Z Lyu; AB Kolomeisky,NO AUTOCITA,,https://pubs.acs.org/doi/abs/10.1021/acs.jpclett.5c01933,4fUSy5LmuOUJ
6,406,Increased FOXL2 expression alters uterine structures and functions,"R Li, SP Wu, L Zhou, B Nicol, JP Lydon… - Biology of …, 2020 - academic.oup.com",R Li; SP Wu; L Zhou; B Nicol; JP Lydon…,NO AUTOCITA,,https://academic.oup.com/biolreprod/article-abstract/103/5/951/5894238,f5bCrWIAFGUJ
7,407,"Molecular cloning, computational analysis and expression pattern of forkhead box l2 (Foxl2) gene in catfish","IA Bhat, MA Rather, JY Dar, R Sharma - Computational Biology and …, 2016 - Elsevier",IA Bhat; MA Rather; JY Dar; R Sharma,NO AUTOCITA,,https://www.sciencedirect.com/science/article/pii/S147692711530308X,KSx0RR1n328J
8,408,Foxp2 deficiency impairs reproduction by modulating the hypothalamic–pituitary–gonadal axis in zebrafish,"M Wang, J Luo, L Dai, M Feng, X Cao… - Biology of …, 2024 - academic.oup.com",M Wang; J Luo; L Dai; M Feng; X Cao…,NO AUTOCITA,,https://academic.oup.com/biolreprod/article-abstract/110/5/908/7591696,_0FulCxfD6AJ
9,409,Revisiting the association between smoking and female fertility using the oocyte donation model,"T Fréour, P Massart, D García, R Vassena… - Reproductive …, 2018 - Elsevier",T Fréour; P Massart; D García; R Vassena…,NO AUTOCITA,,https://www.sciencedirect.com/science/article/pii/S1472648318304590,hWKQt1KugYoJ
10,410,"FOXL2 modulates cartilage, skeletal development and IGF1-dependent growth in mice","M Marongiu, L Marcia, E Pelosi, M Lovicu… - BMC developmental …, 2015 - Springer",M Marongiu; L Marcia; E Pelosi; M Lovicu…,NO AUTOCITA,,https://link.springer.com/article/10.1186/s12861-015-0072-y,_7J2kMs6kMAJ
11,411,Molecular biology and genetics of embryonic eyelid development,"TJ Rubinstein, AC Weber, EI Traboulsi - Ophthalmic genetics, 2016 - Taylor & Francis",TJ Rubinstein; AC Weber; EI Traboulsi,NO AUTOCITA,,https://www.tandfonline.com/doi/abs/10.3109/13816810.2015.1071409,zYcPJ6o3fGEJ
12,412,Genomics of sexual cell fate transdifferentiation in the mouse gonad,"MW Murphy, MD Gearhart, A Wheeler, VJ Bardwell… - G3, 2022 - academic.oup.com",MW Murphy; MD Gearhart; A Wheeler; VJ Bardwell…,NO AUTOCITA,,https://academic.oup.com/g3journal/article-abstract/12/12/jkac267/6749563,dPeTLZFq9toJ
13,413,Transcriptional landscape of the embryonic chicken Müllerian duct,"ZY Roly, R Godini, MA Estermann, AT Major, R Pocock… - BMC genomics, 2020 - Springer",ZY Roly; R Godini; MA Estermann; AT Major; R Pocock,NO AUTOCITA,,https://link.springer.com/article/10.1186/s12864-020-07106-8,jDsOVrybrDgJ
14,414,Molecular mechanisms of sexual development,"P Parma, O Radi - Sexual development, 2012 - karger.com",P Parma; O Radi,NO AUTOCITA,,https://karger.com/sxd/article/6/1-3/7/304539,WoCFHKy768cJ
15,415,Early ovarian differentiation in the tammar wallaby and the effects of exposure to bisphenol A,"MT Peiris, Y Chen, G Shaw, MB Renfree - Reproduction, 2025 - rep.bioscientifica.com",MT Peiris; Y Chen; G Shaw; MB Renfree,NO AUTOCITA,,https://rep.bioscientifica.com/view/journals/rep/169/1/REP-24-0259.xml,5jQaR90FemEJ
16,416,Genetic changes in nonepithelial ovarian cancer,"E Van Nieuwenhuysen, S Lambrechts… - Expert Review of …, 2013 - Taylor & Francis",E Van Nieuwenhuysen; S Lambrechts,NO AUTOCITA,,https://www.tandfonline.com/doi/abs/10.1586/14737140.2013.811174,iNZsc7tdp2sJ
17,417,Gonadal transcriptome analysis of sex-biased gene and genome-wide investigation of dmrt gene family in Acanthogobius ommaturus,"D Kong, X Zhao, Y Pan, N Song - … and Physiology Part D: Genomics and …, 2024 - Elsevier",D Kong; X Zhao; Y Pan; N Song,NO AUTOCITA,,https://www.sciencedirect.com/science/article/pii/S1744117X24000170,BqFM22O4sPwJ
18,418,Sphingosine 1-phosphate stimulates eyelid closure in the developing rat by stimulating EGFR signaling,"G Bian, C Yu, L Liu, C Fang, K Chen, P Ren… - Science …, 2018 - science.org",G Bian; C Yu; L Liu; C Fang; K Chen; P Ren…,NO AUTOCITA,,https://www.science.org/doi/abs/10.1126/scisignal.aat1470,piXVsQLW1nUJ
19,419,NOBOX is a key FOXL2 partner involved in ovarian folliculogenesis,"J Bouilly, RA Veitia, N Binart - Journal of Molecular Cell Biology, 2014 - academic.oup.com",J Bouilly; RA Veitia; N Binart,NO AUTOCITA,,https://academic.oup.com/jmcb/article-abstract/6/2/175/964869,8rNuD9JTd-UJ
20,420,Role of Cyp19a1 in the female pathway of a freshwater turtle species (Mauremys reevesii) with temperature-dependent sex determination,"PF Wu, XF Wang, F Gao, WG Du - Zoological Research, 2022 - pmc.ncbi.nlm.nih.gov",PF Wu; XF Wang; F Gao; WG Du,NO AUTOCITA,,https://pmc.ncbi.nlm.nih.gov/articles/PMC8743262/,k91YjVSa6OMJ
1,421,Effects of Vitex agnus-castus extract on the secretory function of pituitary-gonadal axis and pregnancy rate in patients with premature ovarian aging (POA),"B Hossein-Rashidi, M Nemati - Journal of herbal medicine, 2017 - Elsevier",B Hossein-Rashidi; M Nemati,NO AUTOCITA,,https://www.sciencedirect.com/science/article/pii/S221080331730074X,L8mNnjHCnhQJ
2,422,Foxo1 directs the transdifferentiation of mouse Sertoli cells into granulosa-like cells,"J Chen, C Cen, M Wang, S Qin, B Liu, Z Shen… - Journal of Genetics and …, 2025 - Elsevier",J Chen; C Cen; M Wang; S Qin; B Liu; Z Shen…,NO AUTOCITA,,https://www.sciencedirect.com/science/article/pii/S1673852724003552,W78mTJni4oUJ
3,423,Revisiting reproduction: Prematurity and the puzzle of progesterone resistance,"Y Hirota, J Cha, SK Dey - Nature medicine, 2010 - nature.com",Y Hirota; J Cha; SK Dey,NO AUTOCITA,,https://www.nature.com/articles/nm0510-529,BssmKFO6--MJ
4,424,Hydrogen gas: a novel type of antioxidant in modulating sexual organs homeostasis,"Y Zhang, H Liu, J Xu, S Zheng… - Oxidative medicine and …, 2021 - Wiley Online Library",Y Zhang; H Liu; J Xu; S Zheng…,NO AUTOCITA,,https://onlinelibrary.wiley.com/doi/abs/10.1155/2021/8844346,5iZQAWV-kKsJ
5,425,Origins of granulosa cells clarified and complexified by waves,"JJ Eppig, MA Handel - Biology of reproduction, 2012 - academic.oup.com",JJ Eppig; MA Handel,NO AUTOCITA,,"https://academic.oup.com/biolreprod/article-abstract/86/2/34,%201-2/2530621",FVP7HjrDvmYJ
6,426,Novel markers of gonadectomy-induced adrenocortical neoplasia in the mouse and ferret,"M Schillebeeckx, M Pihlajoki, E Gretzinger… - Molecular and cellular …, 2015 - Elsevier",M Schillebeeckx; M Pihlajoki; E Gretzinger…,NO AUTOCITA,,https://www.sciencedirect.com/science/article/pii/S0303720714003098,j-ktygq9Nd0J
7,427,Initial and cyclic recruitment of ovarian follicles: a quarter-century update,"S Mumusoglu, Q Yang, K Kawamura, C Chang… - Reproductive …, 2025 - Elsevier",S Mumusoglu; Q Yang; K Kawamura; C Chang…,NO AUTOCITA,,https://www.sciencedirect.com/science/article/pii/S1472648325003153,ekPxRuNPlYAJ
8,428,Uterine Foxl2 regulates the adherence of the Trophectoderm cells to the endometrial epithelium,"M Elbaz, R Hadas, LM Bilezikjian… - Reproductive Biology and …, 2018 - Springer",M Elbaz; R Hadas; LM Bilezikjian…,NO AUTOCITA,,https://link.springer.com/article/10.1186/s12958-018-0329-y,D9d4UcwVCogJ
9,429,Genetic control of ovarian development,"SG Tevosian - Sexual Development, 2012 - karger.com",SG Tevosian,NO AUTOCITA,,https://karger.com/sxd/article/7/1-3/33/296615,jNAVKhfXGS0J
10,430,Attempt to rescue sex-reversal by transgenic expression of the PISRT1 gene in XX PIS–/–goats,"L Boulanger, A Kocer, N Daniel, M Pannetier… - Sexual …, 2008 - karger.com",L Boulanger; A Kocer; N Daniel; M Pannetier,NO AUTOCITA,,https://karger.com/sxd/article/2/3/142/296217,rRg9KslR-9AJ
11,431,"A novel SRY missense mutation affecting nuclear import in a 46, XY female patient with bilateral gonadoblastoma","R Hersmus, BH de Leeuw, H Stoop… - European journal of …, 2009 - nature.com",R Hersmus; BH de Leeuw; H Stoop…,NO AUTOCITA,,https://www.nature.com/articles/ejhg200996,mVPgtBIiudEJ
12,432,"Understanding sex determination in the mouse: genetics, epigenetics and the story of mutual antagonisms","A Greenfield - Journal of Genetics, 2015 - Springer",A Greenfield,NO AUTOCITA,,https://link.springer.com/article/10.1007/s12041-015-0565-2,ZnyCkFJzfQ0J
13,433,P4 down-regulates Jagged2 and Notch1 expression during primordial folliculogenesis,"M Guo, H Zhang, F Bian, G Li, X Mu, J Wen… - Front …, 2012 - storage.imrpress.com",M Guo; H Zhang; F Bian; G Li; X Mu; J Wen…,NO AUTOCITA,,https://storage.imrpress.com/imr/journal/FBE/article/496371/1752781158336.pdf,J5UOlKY6SyAJ
14,434,Age-related changes in gene expression patterns of immature and aged rat primordial follicles,"V Govindaraj, H Krishnagiri, P Chakraborty… - Systems Biology in …, 2017 - Taylor & Francis",V Govindaraj; H Krishnagiri; P Chakraborty,NO AUTOCITA,,https://www.tandfonline.com/doi/abs/10.1080/19396368.2016.1267820,Tjrdf_4e9OcJ
15,435,The curious world of gonadal development in mammals,"P Koopman - Current topics in developmental biology, 2016 - Elsevier",P Koopman,NO AUTOCITA,,https://www.sciencedirect.com/science/article/pii/S0070215315002161,XRpsF5VXfKIJ
16,436,The local control of the pituitary by activin signaling and modulation,"LM Bilezikjian, WW Vale - Open neuroendocrinology journal …, 2011 - pmc.ncbi.nlm.nih.gov",LM Bilezikjian; WW Vale,NO AUTOCITA,,https://pmc.ncbi.nlm.nih.gov/articles/PMC3173763/,xyTBM6jam1MJ
17,437,Expression of FOXL2 in human normal pituitaries and pituitary adenomas,"N Egashira, S Takekoshi, M Takei, A Teramoto… - Modern Pathology, 2011 - Elsevier",N Egashira; S Takekoshi; M Takei; A Teramoto…,NO AUTOCITA,,https://www.sciencedirect.com/science/article/pii/S089339522202854X,7In8KwXDiD8J
18,438,Characterization and expression of cyp19a gene in the Chinese giant salamander Andrias davidianus,"Q Hu, H Xiao, HF Tian, Y Meng - … and Physiology Part B: Biochemistry and …, 2016 - Elsevier",Q Hu; H Xiao; HF Tian; Y Meng,NO AUTOCITA,,https://www.sciencedirect.com/science/article/pii/S109649591500192X,d0DsoMWodxIJ
19,439,New STAT3-FOXL2 pathway and its function in cancer cells,"Y Han, J Wu, W Yang, D Wang, T Zhang… - BMC Molecular and Cell …, 2019 - Springer",Y Han; J Wu; W Yang; D Wang; T Zhang…,NO AUTOCITA,,https://link.springer.com/article/10.1186/s12860-019-0206-3,s3HVIDmmeCkJ
20,440,FOXL2 is regulated during the bovine estrous cycle and its expression in the endometrium is independent of conceptus-derived interferon tau,"C Eozenou, AV Carvalho, N Forde… - Biology of …, 2012 - academic.oup.com",C Eozenou; AV Carvalho; N Forde,NO AUTOCITA,,"https://academic.oup.com/biolreprod/article-abstract/87/2/32,%201-9/2513796",DYexbIRzVUkJ
1,441,Defining the neighborhoods that escort the oocyte through its early life events and into a functional follicle,"JS Jorgensen - Molecular reproduction and development, 2013 - Wiley Online Library",JS Jorgensen,NO AUTOCITA,,https://onlinelibrary.wiley.com/doi/abs/10.1002/mrd.22232,X0cQVfvr6AcJ
2,442,Comparative transcriptome analysis identified genes involved in ovarian development in Takifugu rubripes,"M Hu, H Yan, J Chen, R Gao, W Li, H Zhou… - … and Physiology Part D …, 2025 - Elsevier",M Hu; H Yan; J Chen; R Gao; W Li; H Zhou…,NO AUTOCITA,,https://www.sciencedirect.com/science/article/pii/S1744117X2400220X,N4IAFBitCvEJ
3,443,Mammalian ovary differentiation–a focus on female meiosis,"A Baillet, B Mandon-Pepin - Molecular and cellular endocrinology, 2012 - Elsevier",A Baillet; B Mandon-Pepin,NO AUTOCITA,,https://www.sciencedirect.com/science/article/pii/S0303720711005636,G2OBOoo7kzEJ
4,444,"Evaluation of safety of modified-Danggui Buxue Tang in rodents: immunological, toxicity and hormonal aspects","JH Xie, ZW Chen, YW Pan, DM Luo, ZR Su… - Journal of …, 2016 - Elsevier",JH Xie; ZW Chen; YW Pan; DM Luo; ZR Su…,NO AUTOCITA,,https://www.sciencedirect.com/science/article/pii/S0378874115303007,7XxDohnQ5zkJ
5,445,Essential but differential role of FOXL2wt and FOXL2C134W in GDF-9 stimulation of follistatin transcription in co-operation with Smad3 in the human granulosa cell …,"D Nonis, KJ McTavish, S Shimasaki - Molecular and cellular endocrinology, 2013 - Elsevier",D Nonis; KJ McTavish; S Shimasaki,NO AUTOCITA,,https://www.sciencedirect.com/science/article/pii/S0303720713000786,_54zsnJ7znAJ
6,446,L‐carnitine improves hydrogen peroxide‐induced impairment of nuclear maturation in porcine oocytes,"T Yazaki, Y Hiradate, Y Hoshino… - Animal Science …, 2013 - Wiley Online Library",T Yazaki; Y Hiradate; Y Hoshino,NO AUTOCITA,,https://onlinelibrary.wiley.com/doi/abs/10.1111/asj.12016,E0WRSJDHdVMJ
7,447,Conventional and unconventional interactions of the transcription factor FOXL2 uncovered by a proteome‐wide analysis,"M Penrad‐Mobayed, C Perrin, L Herman… - The FASEB …, 2020 - Wiley Online Library",M Penrad‐Mobayed; C Perrin; L Herman…,NO AUTOCITA,,https://faseb.onlinelibrary.wiley.com/doi/abs/10.1096/fj.201901573R,kOPAOzNO8o8J
8,448,"Roles of binding elements, FOXL2 domains, and interactions with cJUN and SMADs in regulation of FSHβ","LL Roybal, A Hambarchyan, JD Meadows… - Molecular …, 2014 - academic.oup.com",LL Roybal; A Hambarchyan; JD Meadows…,NO AUTOCITA,,https://academic.oup.com/mend/article-abstract/28/10/1640/2623225,SLCSK8sPjjEJ
9,449,Genes invoked in the ovarian transition to menopause,"A Zimon, A Erat, TV Wald, B Bissell… - Nucleic Acids …, 2006 - academic.oup.com",A Zimon; A Erat; TV Wald; B Bissell…,NO AUTOCITA,,https://academic.oup.com/nar/article-abstract/34/11/3279/1066978,4cq7THiMFzAJ
10,450,Somatic FGFR2 is required for germ cell maintenance in the mouse ovary,"AD Bird, ER Frost, S Bagheri-Fam, BM Croft… - …, 2023 - academic.oup.com",AD Bird; ER Frost; S Bagheri-Fam; BM Croft,NO AUTOCITA,,https://academic.oup.com/endo/article-abstract/164/5/bqad031/7036407,tyCXvMjexHIJ
11,451,Sense and antisense Foxl2 transcripts in mouse,"J Cocquet, M Pannetier, M Fellous, RA Veitia - Genomics, 2005 - Elsevier",J Cocquet; M Pannetier; M Fellous; RA Veitia,NO AUTOCITA,,https://www.sciencedirect.com/science/article/pii/S0888754305000212,_mRvgVh6hWQJ
12,452,Peptidyl arginine deiminase 2 (Padi2) is expressed in Sertoli cells in a specific manner and regulated by SOX9 during testicular development,"A Tsuji-Hosokawa, K Kashimada, T Kato, Y Ogawa… - Scientific reports, 2018 - nature.com",A Tsuji-Hosokawa; K Kashimada; T Kato; Y Ogawa,NO AUTOCITA,,https://www.nature.com/articles/s41598-018-31376-8,kP9PdtqbW2gJ
13,453,Wakayama Symposium: Epithelial-mesenchymal interactions in eyelid development,"H Ohuchi - The ocular surface, 2012 - Elsevier",H Ohuchi,NO AUTOCITA,,https://www.sciencedirect.com/science/article/pii/S1542012412001292,L6kOvbn38asJ
14,454,Single-nucleus multiomics of murine gonadal cells reveals transcriptional regulatory network underlying supporting lineage differentiation,"YY Chen, K Rodriguez, AK Alexander, X Xu, B Papas… - bioRxiv, 2025 - biorxiv.org",YY Chen; K Rodriguez; AK Alexander; X Xu; B Papas…,NO AUTOCITA,,https://www.biorxiv.org/content/10.1101/2025.02.24.639877.abstract,6TjxTjxM5-sJ
15,455,A novel Amh-Treck transgenic mouse line allows toxin-dependent loss of supporting cells in gonads,"M Shinomura, K Kishi, A Tomita, M Kawasumi… - …, 2014 - academic.oup.com",M Shinomura; K Kishi; A Tomita; M Kawasumi…,NO AUTOCITA,,https://academic.oup.com/reproduction/article-abstract/148/6/H1/8235951,mXGbQ4vhTh8J
16,456,Long-range regulation of key sex determination genes,"R Migale, M Neumann, R Lovell-Badge - Sexual Development, 2021 - karger.com",R Migale; M Neumann; R Lovell-Badge,NO AUTOCITA,,https://karger.com/sxd/article/15/5-6/360/829216,n__b1UpnHZ0J
17,457,FOXL2: at the crossroads of female sex determination and ovarian function,"BA Benayoun, A Dipietromaria, C Bazin… - … Factors: Vital Elements in …, 2009 - Springer",BA Benayoun; A Dipietromaria; C Bazin…,NO AUTOCITA,,https://link.springer.com/chapter/10.1007/978-1-4419-1599-3_16,m_7xpnRO5kwJ
18,458,Disrupted sex differentiation and feminization of man and domestic animals,"PK Basrur - Environmental Research, 2006 - Elsevier",PK Basrur,NO AUTOCITA,,https://www.sciencedirect.com/science/article/pii/S0013935105001234,Taerrz_zKRoJ
19,459,"The forkhead transcription factor Foxl2 is sumoylated in both human and mouse: sumoylation affects its stability, localization, and activity","M Marongiu, M Deiana, A Meloni, L Marcia, A Puddu… - PLoS …, 2010 - journals.plos.org",M Marongiu; M Deiana; A Meloni; L Marcia; A Puddu,NO AUTOCITA,,https://journals.plos.org/plosone/article?id=10.1371/journal.pone.0009477,uts3wzTHNrEJ
20,460,Oocyte development before and during folliculogenesis,"M Pepling - Oocyte Physiology and Development in Domestic …, 2013 - Wiley Online Library",M Pepling,NO AUTOCITA,,https://onlinelibrary.wiley.com/doi/pdf/10.1002/9781118538074#page=24,yS6c1fJAglMJ
1,461,Consequences of fetal irradiation on follicle histogenesis and early follicle development in rat ovaries,"S Mazaud Guittot, CJ Guigon, N Coudouel… - Biology of …, 2006 - academic.oup.com",S Mazaud Guittot; CJ Guigon; N Coudouel…,NO AUTOCITA,,https://academic.oup.com/biolreprod/article-abstract/75/5/749/2629044,JyIDN4sEjGkJ
2,462,Self-cleaning stainless steel surfaces induced by láser processing and chemical engineering,"P Lorenz, J Zajadacz, F Marquardt, M Ehrhardt… - Procedia CIRP, 2022 - Elsevier",P Lorenz; J Zajadacz; F Marquardt; M Ehrhardt…,NO AUTOCITA,,https://www.sciencedirect.com/science/article/pii/S2212827122008848,XRRkMrAW0yUJ
3,463,Garner and Klintworth's Pathobiology of Ocular Disease (Part B),"GK Klintworth, A Garner - 2007 - books.google.com",GK Klintworth; A Garner,NO AUTOCITA,,https://books.google.com/books?hl=en&lr=&id=zXI2EQAAQBAJ&oi=fnd&pg=PA791&ots=wK-P4GyFeS&sig=9_OL8zvyMjVVJjS_O3E7_s3xKIc,zK-NGt-9tUcJ
4,464,Maternal epigenetic inheritance,"ZJ Ge, QY Sun - Transgenerational Epigenetics, 2019 - Elsevier",ZJ Ge; QY Sun,NO AUTOCITA,,https://www.sciencedirect.com/science/article/pii/B9780128163634000055,8AWHwUADz7sJ
5,465,The structure of energy production and redistribution among Tsimane'forager-horticulturalists,PL Hooper - 2011 - search.proquest.com,PL Hooper,NO AUTOCITA,,https://search.proquest.com/openview/9a7a531ea7573882f65cca3d10e0eb7a/1?pq-origsite=gscholar&cbl=18750,OOl9RXXVDuoJ
6,466,FOXL2 C402G mutation detection using MALDI-TOF-MS in DNA extracted from Israeli granulosa cell tumors,"R Gershon, S Aviel-Ronen, J Korach… - Gynecologic …, 2011 - Elsevier",R Gershon; S Aviel-Ronen; J Korach…,NO AUTOCITA,,https://www.sciencedirect.com/science/article/pii/S0090825811003908,wJJRChHT_nYJ
7,467,Differential functional effects of novel mutations of the transcription factor FOXL2 in BPES patients,"J Nallathambi, P Laissue, F Batista… - Human …, 2008 - Wiley Online Library",J Nallathambi; P Laissue; F Batista…,NO AUTOCITA,,https://onlinelibrary.wiley.com/doi/abs/10.1002/humu.20809,YVpdJc0-l78J
8,468,miR-133b regulation of wbp2 in ovaries is conserved among teleosts,"J Zhou, Q Min, X Ba, Z Qu, Z Zhuang, B Yuan… - Acta Oceanologica …, 2025 - Springer",J Zhou; Q Min; X Ba; Z Qu; Z Zhuang; B Yuan…,NO AUTOCITA,,https://link.springer.com/article/10.1007/s13131-025-2560-7,Ftji_lk9ww4J
9,469,A role for estrogen in somatic cell fate of the mammalian gonad,"AJ Pask - Chromosome research, 2012 - Springer",AJ Pask,NO AUTOCITA,,https://link.springer.com/article/10.1007/s10577-011-9260-1,QNapf50pwXcJ
10,470,The forkhead factor FOXL2: a novel tumor suppressor?,"BA Benayoun, N Kalfa, C Sultan, RA Veitia - Biochimica et Biophysica Acta …, 2010 - Elsevier",BA Benayoun; N Kalfa; C Sultan; RA Veitia,NO AUTOCITA,,https://www.sciencedirect.com/science/article/pii/S0304419X09000602,pTubs3dwWZgJ
11,471,Comparative study of microRNA regulation on FOXL2 between adult-type and juvenile-type granulosa cell tumours in vitro,"R Rosario, C Blenkiron, AN Shelling - Gynecologic Oncology, 2013 - Elsevier",R Rosario; C Blenkiron; AN Shelling,NO AUTOCITA,,https://www.sciencedirect.com/science/article/pii/S0090825812009912,GzYRhFMp3YEJ
12,472,"Identification and functional analyses of a novel FOXL2 pathogenic variant causing blepharophimosis, ptosis, and epicanthus inversus syndrome","YC Yan, L Zhou, JC Fan - International Journal of …, 2023 - pmc.ncbi.nlm.nih.gov",YC Yan; L Zhou; JC Fan,NO AUTOCITA,,https://pmc.ncbi.nlm.nih.gov/articles/PMC10172100/,BUfPll6vImYJ
13,473,Cis-regulatory control of mammalian sex determination,"M Ridnik, S Schoenfelder, N Gonen - Sexual Development, 2021 - karger.com",M Ridnik; S Schoenfelder; N Gonen,NO AUTOCITA,,https://karger.com/sxd/article/15/5-6/317/829215,8nTOmlofyDIJ
14,474,"Oleic acid induces down-regulation of the granulosa cell identity marker FOXL2, and up-regulation of the Sertoli cell marker SOX9 in bovine granulosa cells","VR Yenuganti, J Vanselow - Reproductive Biology and Endocrinology, 2017 - Springer",VR Yenuganti; J Vanselow,NO AUTOCITA,,https://link.springer.com/article/10.1186/s12958-017-0276-z,wYGv5u-qiroJ
15,475,Insights into in vivo follicle formation: a review of in vitro systems,"R Tanimoto, K Yoshida, S Ikeda, Y Obata - Histochemistry and Cell …, 2022 - Springer",R Tanimoto; K Yoshida; S Ikeda; Y Obata,NO AUTOCITA,,https://link.springer.com/article/10.1007/s00418-021-02058-w,NwXFx65P7UkJ
16,476,Comparative Studies on Duplicated foxl2 Paralogs in Spotted Knifejaw Oplegnathus punctatus Show Functional Diversification,"X Du, H Yu, Y Wang, J Liu, Q Zhang - Genes, 2023 - mdpi.com",X Du; H Yu; Y Wang; J Liu; Q Zhang,NO AUTOCITA,,https://www.mdpi.com/2073-4425/14/10/1847,C_q_J3iRNV4J
17,477,"Cryo-survival, fertilization and early embryonic development of vitrified oocytes derived from mice of different reproductive age","J Yan, J Suzuki, X Yu, FWK Kan, J Qiao… - Journal of assisted …, 2010 - Springer",J Yan; J Suzuki; X Yu; FWK Kan; J Qiao,NO AUTOCITA,,https://link.springer.com/article/10.1007/s10815-010-9450-3,WNDJI4yEsHMJ
18,478,Sexually Dimorphic Expression of Foxl2 and Ftz‐F1 in Chinese Giant Salamander Andrias Davidianus,"Q Hu, Y Meng, H Tian, YU Zhang… - Journal of Experimental …, 2016 - Wiley Online Library",Q Hu; Y Meng; H Tian; YU Zhang…,NO AUTOCITA,,https://onlinelibrary.wiley.com/doi/abs/10.1002/jez.b.22693,IHsGHiQN7rsJ
19,479,Differential apoptotic and proliferative activities of wild-type FOXL2 and blepharophimosis-ptosis-epicanthus inversus syndrome (BPES)-associated mutant FOXL2 …,"JH Kim, J Bae - Journal of Reproduction and Development, 2014 - jstage.jst.go.jp",JH Kim; J Bae,NO AUTOCITA,,https://www.jstage.jst.go.jp/article/jrd/60/1/60_2013-090/_article/-char/ja/,kBHvaBClIp8J
20,480,A novel FOXL2 mutation in two infertile patients with blepharophimosis–ptosis–epicanthus inversus syndrome,"J Hu, H Ke, W Luo, Y Yang, H Liu, G Li, Y Qin… - Journal of Assisted …, 2020 - Springer",J Hu; H Ke; W Luo; Y Yang; H Liu; G Li; Y Qin…,NO AUTOCITA,,https://link.springer.com/article/10.1007/s10815-019-01651-2,uRezsguRQXAJ
1,481,Transcriptome analysis provides insights into differentially expressed genes and long noncoding RNAs involved in sex‐related differences in Amur sturgeon …,"X Zhang, J Shi, Y Sun, Y Zhu, Z Zhang… - Molecular …, 2019 - Wiley Online Library",X Zhang; J Shi; Y Sun; Y Zhu; Z Zhang…,NO AUTOCITA,,https://onlinelibrary.wiley.com/doi/abs/10.1002/mrd.23065,0gltJvuIF5wJ
2,482,Development of cloned embryos from porcine neural stem cells and amniotic fluid-derived stem cells transfected with enhanced green fluorescence protein gene,"YM Zheng, HY Zhao, XE Zhao, FS Quan, S Hua… - …, 2009 - rep.bioscientifica.com",YM Zheng; HY Zhao; XE Zhao; FS Quan; S Hua…,NO AUTOCITA,,https://rep.bioscientifica.com/view/journals/rep/137/5/793.xml,G315cSZnVDoJ
3,483,Premature ovarian failure and forkhead transcription factor FOXL2: blepharophimosis-ptosis-epicanthus inversus syndrome and ovarian dysfunction.,"E De Baere, S Copelli, S Caburet… - Pediatric …, 2005 - europepmc.org",E De Baere; S Copelli; S Caburet,NO AUTOCITA,,https://europepmc.org/article/med/16208278,wdSfqQBTpXcJ
4,484,Signaling pathways in morphogenesis of cornea and eyelid,"WWY Rao, Y Xia, CY Liu - The Ocular Surface, 2008 - Elsevier",WWY Rao; Y Xia; CY Liu,NO AUTOCITA,,https://www.sciencedirect.com/science/article/pii/S1542012412701027,NhuSNAtqIzkJ
5,485,Distinct Transcriptional Mechanisms Direct Expression of the Rat Dmrt1 Promoter in Sertoli Cells and Germ Cells of Transgenic Mice,"N Lei, T Karpova, KI Hornbaker, DA Rice… - Biology of …, 2009 - academic.oup.com",N Lei; T Karpova; KI Hornbaker; DA Rice…,NO AUTOCITA,,https://academic.oup.com/biolreprod/article-abstract/81/1/118/2557846,xsHrALg9hmIJ
6,486,Organogenesis of the ovary: a comparative review on vertebrate ovary formation,"AC Ditewig, HHC Yao - Organogenesis, 2005 - Taylor & Francis",AC Ditewig; HHC Yao,NO AUTOCITA,,https://www.tandfonline.com/doi/abs/10.4161/org.2.2.2491,4bk4_plqNE0J
7,487,"Combinational approach of retrospective clinical evidence and transcriptomics highlight AMH superiority to FSH, as successful ICSI outcome predictor","SL Kastora, O Triantafyllidou, G Kolovos… - Journal of Assisted …, 2020 - Springer",SL Kastora; O Triantafyllidou; G Kolovos…,NO AUTOCITA,,https://link.springer.com/article/10.1007/s10815-020-01802-w,RfDgbIT95UAJ
8,488,Mitochondrial dysfunction and age-related oocyte quality,"H Li, RC Chian - Reproductive and Developmental Medicine, 2017 - mednexus.org",H Li; RC Chian,NO AUTOCITA,,https://mednexus.org/doi/abs/10.4103/2096-2924.210693,y3KDu8eD-GcJ
9,489,Mechanisms of Disease: normal and abnormal gonadal development and sex determination in mammals,"P Val, A Swain - Nature Clinical Practice Urology, 2005 - nature.com",P Val; A Swain,NO AUTOCITA,,https://www.nature.com/articles/ncpuro0354,Oj8QG4macCYJ
10,490,Functional analysis of a novel FOXL2 indel mutation in Chinese families with blepharophimosis-ptosis-epicanthus inversus syndrome type I,"P Chai, F Li, J Fan, R Jia, H Zhang… - International journal of …, 2017 - pmc.ncbi.nlm.nih.gov",P Chai; F Li; J Fan; R Jia; H Zhang…,NO AUTOCITA,,https://pmc.ncbi.nlm.nih.gov/articles/PMC5599907/,Q_Un6khTAmgJ
11,491,Females battle to suppress their inner male,"A Sinclair, C Smith - Cell, 2009 - cell.com",A Sinclair; C Smith,NO AUTOCITA,,https://www.cell.com/fulltext/S0092-8674(09)01494-9,918aEdYBvXIJ
12,492,"Disorder of sex development (XX male, SRY negative) in a French bulldog","DW Silversides, JM Benoit, F Collard… - The Canadian …, 2011 - pmc.ncbi.nlm.nih.gov",DW Silversides; JM Benoit; F Collard…,NO AUTOCITA,,https://pmc.ncbi.nlm.nih.gov/articles/PMC3095171/,fX8CuJ7itkMJ
13,493,"Effects of FSH and LH on ovarian and follicular blood flow, follicular growth and oocyte developmental competence in young and old mares","JL Altermatt, AJ Marolf, RH Wrigley… - Animal reproduction …, 2012 - Elsevier",JL Altermatt; AJ Marolf; RH Wrigley…,NO AUTOCITA,,https://www.sciencedirect.com/science/article/pii/S0378432012001984,Do3KaqV3OFQJ
14,494,Advanced Maternal Age and Assisted Reproductive Technologies in an Irish Population.,"LO Shea, C Hughes, EV Mocanu - Irish medical journal, 2015 - europepmc.org",LO Shea; C Hughes; EV Mocanu,NO AUTOCITA,,https://europepmc.org/article/med/26485833,U4rGvOBbtq0J
15,495,Mouse models of gonadotrope development,"CE Stallings, J Kapali, BS Ellsworth - Progress in Molecular Biology and …, 2016 - Elsevier",CE Stallings; J Kapali; BS Ellsworth,NO AUTOCITA,,https://www.sciencedirect.com/science/article/pii/S1877117316300539,oLJMRuCSI2kJ
16,496,"SPATS1 (spermatogenesis-associated, serine-rich 1) is not essential for spermatogenesis and fertility in mouse","CA Capoano, LA Ortiz-Laquintana… - PloS One, 2021 - journals.plos.org",CA Capoano; LA Ortiz-Laquintana…,NO AUTOCITA,,https://journals.plos.org/plosone/article?id=10.1371/journal.pone.0251028,DVa9p872jiQJ
17,497,Characterization of DMRT1 Variants for Testis Determination and Differentiation in Emu,"Y Kimura, M Okuno, L Matiz-Ceron… - … and Genome Research, 2026 - karger.com",Y Kimura; M Okuno; L Matiz-Ceron…,NO AUTOCITA,,https://karger.com/cgr/article-abstract/doi/10.1159/000548251/934031,8FLE0l6It_QJ
18,498,The new molecular biology of granulosa cell tumors of the ovary,"N Kalfa, RA Veitia, BA Benayoun, B Boizet-Bonhoure… - Genome medicine, 2009 - Springer",N Kalfa; RA Veitia; BA Benayoun; B Boizet-Bonhoure…,NO AUTOCITA,,https://link.springer.com/article/10.1186/gm81,2EJxLvBKMbMJ
19,499,The fused toes locus is essential for somatic-germ cell interactions that foster germ cell maturation in developing gonads in mice,"B Kim, Y Kim, PS Cooke, U Rüther… - Biology of …, 2011 - academic.oup.com",B Kim; Y Kim; PS Cooke; U Rüther…,NO AUTOCITA,,https://academic.oup.com/biolreprod/article-abstract/84/5/1024/2530450,HZk4jBCL5n4J
20,500,Screening for mutations of the FOXO4 gene in premature ovarian failure patients,"DJ Fonseca, E Garzón, B Lakhal, R Braham… - Reproductive …, 2012 - Elsevier",DJ Fonseca; E Garzón; B Lakhal; R Braham,NO AUTOCITA,,https://www.sciencedirect.com/science/article/pii/S1472648311006572,kgHjGVVNvB8J
1,501,Hormone-induced delayed ovulation affects early embryonic development,"AK Bittner, B Horsthemke, E Winterhager, R Grümmer - Fertility and sterility, 2011 - Elsevier",AK Bittner; B Horsthemke; E Winterhager; R Grümmer,NO AUTOCITA,,https://www.sciencedirect.com/science/article/pii/S0015028211004316,cjB5QOOXmmoJ
2,502,XY oocytes of sex-reversed females with a Sry mutation deviate from the normal developmental process beyond the mitotic stage,"A Sakashita, T Wakai, Y Kawabata… - Biology of …, 2019 - academic.oup.com",A Sakashita; T Wakai; Y Kawabata…,NO AUTOCITA,,https://academic.oup.com/biolreprod/article-abstract/100/3/697/5115558,8cX2Ae10tV4J
3,503,Novel action of FOXL2 as mediator of Col1a2 gene autoregulation,"M Marongiu, M Deiana, L Marcia, A Sbardellati… - Developmental …, 2016 - Elsevier",M Marongiu; M Deiana; L Marcia; A Sbardellati…,NO AUTOCITA,,https://www.sciencedirect.com/science/article/pii/S0012160616300707,SfKvsFvZpYMJ
4,504,Diminished ovarian reserve and premature ovarian failure: A review,"R Zangmo, N Singh, J Sharma - IVF Lite, 2016 - go.gale.com",R Zangmo; N Singh; J Sharma,NO AUTOCITA,,https://go.gale.com/ps/i.do?id=GALE%7CA468105988&sid=googleScholar&v=2.1&it=r&linkaccess=abs&issn=23482907&p=HRCA&sw=w,Z0xNQ4DizrUJ
5,505,"Perimenopause Amelioration of a TCM Recipe Composed of Radix Astragali, Radix Angelicae Sinensis, and Folium Epimedii: An In Vivo Study on Natural Aging Rat …","JY Su, QF Xie, WJ Liu, P Lai, DD Liu… - Evidence‐Based …, 2013 - Wiley Online Library",JY Su; QF Xie; WJ Liu; P Lai; DD Liu…,NO AUTOCITA,,https://onlinelibrary.wiley.com/doi/abs/10.1155/2013/747240,ZBul4y3NI9MJ
6,506,Molecular pathology of polyalanine expansion disorders: new perspectives from mouse models,"JN Hughes, PQ Thomás - Tandem Repeats in Genes, Proteins, and …, 2013 - Springer",JN Hughes; PQ Thomas,NO AUTOCITA,,https://link.springer.com/protocol/10.1007/978-1-62703-438-8_10,olZfmVV1pRkJ
7,507,Mutational probing of the forkhead domain of the transcription factor FOXL2 provides insights into the pathogenicity of naturally occurring mutations,"AL Todeschini, A Dipietromaria, D L'hôte… - Human Molecular …, 2011 - academic.oup.com",AL Todeschini; A Dipietromaria; D L'hôte…,NO AUTOCITA,,https://academic.oup.com/hmg/article-abstract/20/17/3376/2527021,MB1-iVgcxggJ
8,508,β-Catenin gain of function mutant in mouse periocular neural crest-derived mesenchymal cells impairs embryonic eyelid morphogenesis and leads to …,"YC Wang, Y Yuan, J Zhang, Y Zhang, WWY Kao… - The Ocular Surface, 2024 - Elsevier",YC Wang; Y Yuan; J Zhang; Y Zhang; WWY Kao,NO AUTOCITA,,https://www.sciencedirect.com/science/article/pii/S1542012424000922,xQxXSp5xNFcJ
9,509,A piggyBac insertion disrupts Foxl2 expression that mimics BPES syndrome in mice,"F Shi, S Ding, S Zhao, M Han, Y Zhuang… - Human Molecular …, 2014 - academic.oup.com",F Shi; S Ding; S Zhao; M Han; Y Zhuang…,NO AUTOCITA,,https://academic.oup.com/hmg/article-abstract/23/14/3792/558425,cn5U5Cm0aPoJ
10,510,Gonadal mRNA expression levels of TGFβ superfamily signaling factors correspond with post-hatching morphological development in American alligators,"BC Moore, HJ Hamlin, NL Botteri, LJ Guillette Jr - Sexual Development, 2010 - karger.com",BC Moore; HJ Hamlin; NL Botteri; LJ Guillette Jr,NO AUTOCITA,,https://karger.com/sxd/article/4/1-2/62/296545,AjS76kwGP70J
11,511,FOXO1 Negates the Cooperative Action of FOXL2C134W and SMAD3 in CYP19 Expression in HGrC1 Cells by Sequestering SMAD3,"M Belli, C Secchi, D Stupack… - Journal of the Endocrine …, 2019 - academic.oup.com",M Belli; C Secchi; D Stupack,NO AUTOCITA,,https://academic.oup.com/jes/article-abstract/3/11/2064/5555978,PXf9IJb-RYsJ
12,512,Divergent regulatory element programs steer sex-specific supporting cell differentiation along mouse gonadal development,"I Stévant, E Abberbock, M Ridnik, R Weiss, L Swisa… - bioRxiv, 2024 - researchgate.net",I Stévant; E Abberbock; M Ridnik; R Weiss; L Swisa…,NO AUTOCITA,,https://www.researchgate.net/profile/Isabelle-Stevant/publication/387024563_Divergent_regulatory_element_programs_steer_sex-specific_supporting_cell_differentiation_along_mouse_gonadal_development/links/675c7c7cda24c8537c6c34d4/Divergent-regulatory-element-programs-steer-sex-specific-supporting-cell-differentiation-along-mouse-gonadal-development.pdf,mP8ai6Ndq4QJ
13,513,Molecular characterization and expression profiling of foxl2 in zig-zag eel (Mastacembelus armatus),"H Zhou, DM Zhong, MQ Zhang, CP Zhang, WJ Qin… - Gene Reports, 2023 - Elsevier",H Zhou; DM Zhong; MQ Zhang; CP Zhang; WJ Qin…,NO AUTOCITA,,https://www.sciencedirect.com/science/article/pii/S2452014423000924,GYhNIq9Dy20J
14,514,Impact of altered Energy metabolism and Immune regulation in reproductive health of Aged Men,"S Ghosh, D Ghosh, PS Singha - Chemical Biology Letters, 2021 - thesciencein.org",S Ghosh; D Ghosh; PS Singha,NO AUTOCITA,,https://thesciencein.org/direct/index.php/cbl/article/view/251,5Mxxqvvq8BoJ
15,515,DL-α-tocopherol acetate mitigates maternal hyperthermia-induced pre-implantation embryonic death accompanied by a reduction of physiological oxidative stress in …,"N Sakamoto, M Ozawa, K Yokotani-Tomita… - …, 2008 - rep.bioscientifica.com",N Sakamoto; M Ozawa; K Yokotani-Tomita…,NO AUTOCITA,,https://rep.bioscientifica.com/view/journals/rep/135/4/489.xml,DbpzxFdzFvgJ
16,516,The role of the Src Homology-2 domain containing protein B (SHB) in β cells,"M Welsh, M Jamalpour, G Zang… - Journal of Molecular …, 2016 - jme.bioscientifica.com",M Welsh; M Jamalpour; G Zang…,NO AUTOCITA,,https://jme.bioscientifica.com/view/journals/jme/56/1/R21.xml,OEGNv4bgpHAJ
17,517,"R‐spondin1—discovery of the long‐missing, mammalian female‐determining gene?","D Wilhelm - Bioessays, 2007 - Wiley Online Library",D Wilhelm,NO AUTOCITA,,https://onlinelibrary.wiley.com/doi/abs/10.1002/bies.20553,FemprZWSkegJ
18,518,GATA-like protein-1 (GLP-1) is required for normal germ cell development during embryonic oogenesis,"TJ Strauss, DH Castrillon, SR Hammes - Reproduction, 2011 - academic.oup.com",TJ Strauss; DH Castrillon; SR Hammes,NO AUTOCITA,,https://academic.oup.com/reproduction/article-abstract/141/2/173/8243388,evJE7Hw3cFcJ
19,519,Synergistic Activation of the Mc2r Promoter by FOXL2 and NR5A1 in Mice,"WH Yang, NM Gutierrez, L Wang… - Biology of …, 2010 - academic.oup.com",WH Yang; NM Gutierrez; L Wang…,NO AUTOCITA,,https://academic.oup.com/biolreprod/article-abstract/83/5/842/2530242,SaXDr6mEqvQJ
20,520,Microarray analysis of Foxl2 mediated gene regulation in the mouse ovary derived KK1 granulosa cell line: Over-expression of Foxl2 leads to activation of the …,"JM Escudero, JL Haller, CM Clay… - Journal of ovarian …, 2010 - Springer",JM Escudero; JL Haller; CM Clay…,NO AUTOCITA,,https://link.springer.com/article/10.1186/1757-2215-3-4,AhIShxzq0UUJ
1,521,Molecular and genetic characterization of partial masculinization in embryonic ovaries grafted into male nude mice,"K Miura, K Harikae, M Nakaguchi, K Imaimatsu… - PLoS …, 2019 - journals.plos.org",K Miura; K Harikae; M Nakaguchi; K Imaimatsu…,NO AUTOCITA,,https://journals.plos.org/plosone/article?id=10.1371/journal.pone.0212367,P2ckPCqN_e8J
2,522,Oocyte-specific gene signaling and its regulation of mammalian reproductive potential,"N Acevedo, GD Smith - Front Biosci, 2005 - storage.imrpress.com",N Acevedo; GD Smith,NO AUTOCITA,,https://storage.imrpress.com/imr/journal/FBL/article/492539/1752767643307.pdf,ZP1VYKUUMBAJ
3,523,FOXL2C134W-Induced CYP19 Expression via Cooperation With SMAD3 in HGrC1 Cells,"M Belli, N Iwata, T Nakamura, A Iwase… - …, 2018 - academic.oup.com",M Belli; N Iwata; T Nakamura; A Iwase…,NO AUTOCITA,,https://academic.oup.com/endo/article-abstract/159/4/1690/4874198,bz5uEDtCayYJ
4,524,Polledness intersex syndrome in goats–molecular and histological aspects,"I Szatkowska, D Zaborski… - Turkish Journal of …, 2014 - journals.tubitak.gov.tr",I Szatkowska; D Zaborski…,NO AUTOCITA,,https://journals.tubitak.gov.tr/veterinary/vol38/iss6/5/,ZdKuv4ZGbTMJ
5,525,Alterations in the protein kinase C signaling activated by a parthenogenetic agent in oocytes from reproductively old mice,"MC Carbone, C Tatone - Molecular Reproduction and …, 2009 - Wiley Online Library",MC Carbone; C Tatone,NO AUTOCITA,,https://onlinelibrary.wiley.com/doi/abs/10.1002/mrd.20923,fxif1PhMLyUJ
6,526,"Notch gain of function in mouse periocular mesenchyme downregulates FoxL2 and impairs eyelid levator muscle formation, leading to congenital blepharophimosis","Y Zhang, WWY Kao, E Pelosi… - Journal of cell …, 2011 - journals.biologists.com",Y Zhang; WWY Kao; E Pelosi…,NO AUTOCITA,,https://journals.biologists.com/jcs/article-abstract/124/15/2561/31782,Tw2W5Jwg2GwJ
7,527,Quantitative proteomic analysis uncovers protein-expression profiles during gonadotropin-dependent folliculogenesis in mice,"S Zhang, L Mu, H Wang, X Xu, L Jia, S Niu… - Biology of …, 2023 - academic.oup.com",S Zhang; L Mu; H Wang; X Xu; L Jia; S Niu…,NO AUTOCITA,,https://academic.oup.com/biolreprod/article-abstract/108/3/479/6883955,-m25b1ohkSUJ
8,528,The CpG Island in the Murine Foxl2 Proximal Promoter Is Differentially Methylated in Primary and Immortalized Cells,"S Tran, Y Wang, P Lamba, X Zhou, U Boehm… - PloS one, 2013 - journals.plos.org",S Tran; Y Wang; P Lamba; X Zhou; U Boehm…,NO AUTOCITA,,https://journals.plos.org/plosone/article?id=10.1371/journal.pone.0076642,KjMjyu1zIUsJ
9,529,Diminished ovarian reserve in a woman with a balanced 13; 21 translocation,"N Kummer, JR Martin, L Pal - Fertility and sterility, 2009 - Elsevier",N Kummer; JR Martin; L Pal,NO AUTOCITA,,https://www.sciencedirect.com/science/article/pii/S001502820801501X,HimVqzU9y5oJ
10,530,Proceedings of the 9th international symposium on the biology of vertebrate sex determination 2023,"T Hatkevich, D Wilhelm - Frontiers in Cell and Developmental Biology, 2024 - frontiersin.org",T Hatkevich; D Wilhelm,NO AUTOCITA,,https://www.frontiersin.org/journals/cell-and-developmental-biology/articles/10.3389/fcell.2024.1530367/full,y-brvYK5ztkJ
11,531,The Expression Pattern of Insulin-Like Growth Factor Subtype 3 (igf3) in the Orange-Spotted Grouper Epinephelus coioides and Its Function on Ovary …,"F Jiao, B Fu, Y Yang, H Xue, Y Wu, H Zhao… - International Journal of …, 2023 - mdpi.com",F Jiao; B Fu; Y Yang; H Xue; Y Wu; H Zhao…,NO AUTOCITA,,https://www.mdpi.com/1422-0067/24/3/2868,mOC0Fc_8OMkJ
12,532,Transient development of ovotestes in XX Sox9 transgenic mice,"EP Gregoire, R Lavery, AA Chassot, H Akiyama… - Developmental …, 2011 - Elsevier",EP Gregoire; R Lavery; AA Chassot; H Akiyama…,NO AUTOCITA,,https://www.sciencedirect.com/science/article/pii/S0012160610011188,oYniSrRBzpcJ
13,533,"Genome‐wide identification of Sox8‐, and Sox9‐dependent genes during early post‐natal testis development in the mouse","F Chalmel, A Lardenois, I Georg, F Barrionuevo… - …, 2013 - Wiley Online Library",F Chalmel; A Lardenois; I Georg; F Barrionuevo,NO AUTOCITA,,https://onlinelibrary.wiley.com/doi/abs/10.1111/j.2047-2927.2012.00049.x,wmfCngPVjMQJ
14,534,Identification of transcripts involved in meiosis and follicle formation during ovine ovary development,"A Baillet, B Mandon-Pépin, C Cabau, E Poumerol… - BMC genomics, 2008 - Springer",A Baillet; B Mandon-Pépin; C Cabau; E Poumerol…,NO AUTOCITA,,https://link.springer.com/article/10.1186/1471-2164-9-436,OSO8AkJf_tIJ
15,535,Somatic stem cells of the ovary and their relationship to human ovarian cancers,"HL Chang, DT MacLaughlin, PK Donahoe - StemBook [Internet], 2009 - ncbi.nlm.nih.gov",HL Chang; DT MacLaughlin; PK Donahoe,NO AUTOCITA,,https://www.ncbi.nlm.nih.gov/books/n/stembook/somaticstemcellsoftheovary/?report=reader,B2AKDitYckMJ
16,536,Hypopituitarism in patients with blepharophimosis and FOXL2 mutations,"S Castets, F Roucher-Boulez, A Saveanu… - Hormone research in …, 2020 - karger.com",S Castets; F Roucher-Boulez; A Saveanu…,NO AUTOCITA,,https://karger.com/hrp/article/93/1/30/162954,ay2E_dmp-EIJ
17,537,High steroid content in conditioned medium of granulosa cells may disrupt primordial follicles formation in in vitro cultured one-day-old murine ovaries,"M Khodadi, MJ Atrabi, T Torkzadeh, M Fazli… - Reproductive …, 2022 - Elsevier",M Khodadi; MJ Atrabi; T Torkzadeh; M Fazli…,NO AUTOCITA,,https://www.sciencedirect.com/science/article/pii/S1642431X22000122,NUQviHV59RUJ
18,538,Administration with Bushenkangshuai Tang alleviates UV irradiation- and oxidative stress-induced lifespan defects in nematode Caenorhabditis elegans,"Q Rui, Q Lu, D Wang - Frontiers of Medicine in China, 2009 - Springer",Q Rui; Q Lu; D Wang,NO AUTOCITA,,https://link.springer.com/article/10.1007/s11684-009-0002-0,HBPw2p74UToJ
19,539,Insights into female germ cell biology: from: in vivo: development to: in vitro: derivations,"D Jung, K Kee - Asian Journal of Andrology, 2015 - journals.lww.com",D Jung; K Kee,NO AUTOCITA,,https://journals.lww.com/ajandrology/fulltext/2015/17030/Insights_into_female_germ_cell_biology__from__in.9.aspx,2ApjnXVQ87cJ
20,540,Defects in the first wave of folliculogenesis in mouse XO ovaries,"K Miura, C Murata, K Harikae, H Suzuki… - … of Reproduction and …, 2017 - jstage.jst.go.jp",K Miura; C Murata; K Harikae; H Suzuki…,NO AUTOCITA,,https://www.jstage.jst.go.jp/article/jrd/63/3/63_2017-033/_article/-char/ja/,D6AK4jGH3EMJ
1,541,Characterization of Pisrt1/Foxl2 in Ellobius lutescens and exclusion as sex-determining genes,"A Baumstark, H Hameister, M Hakhverdyan… - Mammalian …, 2005 - Springer",A Baumstark; H Hameister; M Hakhverdyan,NO AUTOCITA,,https://link.springer.com/article/10.1007/s00335-004-2019-7,ZXAP0B1Awi8J
2,542,Ovarian follicle biology and the basis for gonadotoxicity,"MH Cordeiro, SY Kim, TK Woodruff - Cancer Treatment and the Ovary, 2015 - Elsevier",MH Cordeiro; SY Kim; TK Woodruff,NO AUTOCITA,,https://www.sciencedirect.com/science/article/pii/B9780128015919000011,JxuAVbJKwrsJ
3,543,Developmental programming: postnatal estradiol modulation of prenatally organized reproductive neuroendocrine function in sheep,"M Puttabyatappa, RC Cardoso, C Herkimer… - …, 2016 - rep.bioscientifica.com",M Puttabyatappa; RC Cardoso; C Herkimer…,NO AUTOCITA,,https://rep.bioscientifica.com/view/journals/rep/152/2/139.xml,hi46jGBX8qIJ
4,544,Goat RSPO1 over-expression rescues sex-reversal in Rspo1-knockout XX mice but does not perturb testis differentiation in XY or sex-reversed XX mice,"L Buscara, F Montazer-Torbati, S Chadi, A Auguste… - Transgenic …, 2009 - Springer",L Buscara; F Montazer-Torbati; S Chadi; A Auguste…,NO AUTOCITA,,https://link.springer.com/article/10.1007/s11248-009-9247-2,W-9LPdVNAZoJ
5,545,Morphometric analysis of ovaries and follicles and their relationship with oocyte quality in embryo donor cows,"S Mitković, S Nedić, M Jovanović… - Asian Journal of …, 2025 - vet-erinar.vet.bg.ac.rs",S Mitković; S Nedić; M Jovanović…,NO AUTOCITA,,https://vet-erinar.vet.bg.ac.rs/handle/123456789/4710,ZMFqfUQsC8oJ
6,546,Transcriptomic analysis of MAP3K1 and MAP3K4 in the developing marsupial gonad,"M Paranjpe, H Yu, S Frankenberg, AJ Pask… - Sexual …, 2020 - karger.com",M Paranjpe; H Yu; S Frankenberg; AJ Pask,NO AUTOCITA,,https://karger.com/sxd/article/13/4/195/296285,FKOcmQjg0fEJ
7,547,"Expressions of hepatic genes, especially IGF-binding protein-1, correlating with serum corticosterone in microarray analysis","RY Cheng, LA Birely, NL Lum… - Journal of …, 2004 - jme.bioscientifica.com",RY Cheng; LA Birely; NL Lum…,NO AUTOCITA,,https://jme.bioscientifica.com/view/journals/jme/32/1/257.xml,3ilsTlsyldUJ
8,548,Caffeine and dithiothreitol delay ovine oocyte ageing,"XF Ye, SB Chen, LQ Wang, YC Zhao, XF Lv… - Reproduction, Fertility …, 2010 - connectsci.au",XF Ye; SB Chen; LQ Wang; YC Zhao; XF Lv…,NO AUTOCITA,,https://connectsci.au/rd/article-abstract/22/8/1254/49517,fNWiw6RMIOEJ
9,549,Embryology and genetics of the mammalian gonads and ducts,"KL Parker, BP Schimmer - Knobil and Neill's Physiology of …, 2006 - books.google.com",KL Parker; BP Schimmer,NO AUTOCITA,,https://books.google.com/books?hl=en&lr=&id=1_1cDe92k_YC&oi=fnd&pg=PA313&ots=DW2GmHkUxj&sig=OTlECG-pPloHEy08jYE3SfbwX8A,OINxfmHO7I4J
10,550,Expression pattern and functional analysis of R-spondin1 in tongue sole Cynoglossus semilaevis,"J Liu, T Liu, J Niu, X Wu, J Zhai, Q Zhang, J Qi - Gene, 2018 - Elsevier",J Liu; T Liu; J Niu; X Wu; J Zhai; Q Zhang; J Qi,NO AUTOCITA,,https://www.sciencedirect.com/science/article/pii/S0378111917310144,M7yEX3O2vNkJ
11,551,"Sex-biased expression of sex-differentiating genes FOXL2 and FGF9 in American alligators, Alligator mississippiensis","DE Janes, RM Elsey, EM Langan, N Valenzuela… - Sexual …, 2013 - karger.com",DE Janes; RM Elsey; EM Langan; N Valenzuela,NO AUTOCITA,,https://karger.com/sxd/article/7/5/253/296372,n9556NGyTIAJ
12,552,Fertility management of patients with reduced ovarian reserve,"PG Artini, M Ruggiero, A Uccelli… - … System and Sexual …, 2013 - researchgate.net",PG Artini; M Ruggiero; A Uccelli…,NO AUTOCITA,,https://www.researchgate.net/profile/Paolo-Artini/publication/290473772_Fertility_Management_of_Patients_with_Reduced_Ovarian_Reserve/links/5a69b6ef4585154d15446093/Fertility-Management-of-Patients-with-Reduced-Ovarian-Reserve.pdf,W1hmdkO3zTcJ
13,553,Identification and Sexually Dimorphic Expression of a FoxL2-like Gene in Mud Crab (Scylla paramamosain): Potential Roles in Male Differentiation and Development,"Y Yuan, J Lin, X Tan, X Shi, S Fang, Y Zhang… - … An International Journal …, 2021 - Springer",Y Yuan; J Lin; X Tan; X Shi; S Fang; Y Zhang…,NO AUTOCITA,,https://link.springer.com/article/10.1007/s41208-020-00249-1,ytqtq194vL4J
14,554,The transcription factor FOXL2 in ovarian function and dysfunction.,"E De Baere, M Fellous… - Folia Histochemica et …, 2009 - journals.viamedica.pl",E De Baere; M Fellous…,NO AUTOCITA,,https://journals.viamedica.pl/folia_histochemica_cytobiologica/article/view/4286,QKT3HuBZEBwJ
15,555,Development and Maldevelopment of the Ovaries,"DH Castrillon - Gynecologic and Obstetric Pathology, 2025 - Springer",DH Castrillon,NO AUTOCITA,,https://link.springer.com/content/pdf/10.1007/978-981-97-4822-8_37.pdf,5YmAHqWXm3MJ
16,556,Morphological characteristics observed during early follicular development in perinatal MRL/MpJ mice,"Y Yamashita, T Nakamura… - Japanese …, 2015 - Graduate School of Veterinary …",Y Yamashita; T Nakamura…,NO AUTOCITA,,,mBwr_opc2UIJ
17,557,Association of reproductive performance with SNPs of FOXL2 gene by SSCP in Japanese flounder (Paralichthys olivaceus),"B Shi, HS Wen, F He, SL Dong, S Ma, CF Chen… - … and Physiology Part B …, 2009 - Elsevier",B Shi; HS Wen; F He; SL Dong; S Ma; CF Chen…,NO AUTOCITA,,https://www.sciencedirect.com/science/article/pii/S1096495908003266,MhN_D6WUHrQJ
18,558,Wakayama Symposium: Notch-FoxL2-α-SMA axis in eyelid levator muscle development and congenital blepharophimosis,"CY Liu - The ocular surface, 2012 - Elsevier",CY Liu,NO AUTOCITA,,https://www.sciencedirect.com/science/article/pii/S1542012412001279,toqAqBrp2p8J
19,559,Silkworm FoxL21 plays important roles as a regulator of ovarian development in both oogenesis and ovariole development,"M Tanaka, T Fujii, H Mon, JM Lee, K Kakino… - Insect biochemistry and …, 2022 - Elsevier",M Tanaka; T Fujii; H Mon; JM Lee; K Kakino…,NO AUTOCITA,,https://www.sciencedirect.com/science/article/pii/S0965174822000194,JwFeVTydV1gJ
20,560,Generation of pluripotent stem cells from eggs of aging mice,"J Huang, M Okuka, F Wang, B Zuo, P Liang… - Aging …, 2010 - Wiley Online Library",J Huang; M Okuka; F Wang; B Zuo; P Liang,NO AUTOCITA,,https://onlinelibrary.wiley.com/doi/abs/10.1111/j.1474-9726.2009.00539.x,w0Ho8_XZF6UJ
1,561,An essential role for Polycomb Repressive Complex 2 in the mouse ovary,"L Prokopuk, EG Jarred, RO Blücher… - …, 2022 - rep.bioscientifica.com",L Prokopuk; EG Jarred; RO Blücher…,NO AUTOCITA,,https://rep.bioscientifica.com/view/journals/rep/163/3/REP-21-0361.xml,RmbQYTdyO0gJ
2,562,Reproduction and ovarian ageing,"A Swanton, T Child - British Menopause Society Journal, 2005 - journals.sagepub.com",A Swanton; T Child,NO AUTOCITA,,https://journals.sagepub.com/doi/abs/10.1258/136218005775544200,ipxQn5-t3pgJ
3,563,Тканевые и молекулярные основы фолликулогенеза. Механизмы раннего фолликулярного роста,"ИА Петров, МЛ Дмитриева, ОА Тихоновская… - Проблемы …, 2017 - elibrary.ru",ИА Петров; МЛ Дмитриева; ОА Тихоновская…,AUTOCITA,ИА Петров,https://elibrary.ru/item.asp?id=30605301,vkdP11T797MJ
4,564,哺乳动物卵泡卵母细胞发育的调控机制研究,"Y Zhang, J Liu, C Wang, G Xia, H Zhang - Chinese Science Bulletin, 2025 - sciengine.com",Y Zhang; J Liu; C Wang; G Xia; H Zhang,NO AUTOCITA,,https://www.sciengine.com/parse/pdf/0023-074X/5778C630708E424B980917465C1A3750.pdf?attname=%E5%93%BA%E4%B9%B3%E5%8A%A8%E7%89%A9%E5%8D%B5%E6%B3%A1%E5%8D%B5%E6%AF%8D%E7%BB%86%E8%83%9E%E5%8F%91%E8%82%B2%E7%9A%84%E8%B0%83%E6%8E%A7%E6%9C%BA%E5%88%B6%E7%A0%94%E7%A9%B6.pdf,yDuEWHe_NX0J
5,565,Genetic analysis of premature ovarian failure: role of forkhead and TGF-beta genes,"B Lakhal, P Laissue, H Elghèzal… - … , Obstetrique & Fertilite, 2008 - europepmc.org",B Lakhal; P Laissue; H Elghèzal…,NO AUTOCITA,,https://europepmc.org/article/med/18692424,acLIFB_L-A8J
6,566,"Cloning of the promoter region of a human gene, FOXL2, and its regulation by STAT3","Y Han, T Wang, S Sun, Z Zhai… - Molecular medicine …, 2017 - spandidos-publications.com",Y Han; T Wang; S Sun; Z Zhai…,NO AUTOCITA,,https://www.spandidos-publications.com/mmr/16/3/2856,LytW5kkbLxoJ
7,567,Neural crest cells in ocular development,"S Jasrapuria-Agrawal, PY Lwigale - Neural crest cells, 2014 - Elsevier",S Jasrapuria-Agrawal; PY Lwigale,NO AUTOCITA,,https://www.sciencedirect.com/science/article/pii/B9780124017306000119,F5lDa44k3xUJ
8,568,Transcriptome analysis of blood for the discovery of sex-related genes in ricefield eel Monopterus albus,"W Ding, L Cao, Z Cao, X Bing - Fish physiology and biochemistry, 2020 - Springer",W Ding; L Cao; Z Cao; X Bing,NO AUTOCITA,,https://link.springer.com/article/10.1007/s10695-020-00809-5,im0vUJrxagMJ
9,569,Chitosan-encapsulated linoleic acid from Leucaena leucocephala (Lam.) de Wit. inhibits FOXL2 mutation in MNU-induced ovarian granulosa cell tumors in …,"CA Ukwubile, HB Yesufu, RN Okoro, AA Ahuchaogu… - Next …, 2025 - Elsevier",CA Ukwubile; HB Yesufu; RN Okoro; AA Ahuchaogu,NO AUTOCITA,,https://www.sciencedirect.com/science/article/pii/S2949829525000609,YXURDgVeqM0J
10,570,Construction of copy number variation map identifies small regions of overlap and candidate genes for atypical female genitalia development,"AU Amukamara, IE Amarillo - Reproductive Medicine, 2022 - mdpi.com",AU Amukamara; IE Amarillo,NO AUTOCITA,,https://www.mdpi.com/2673-3897/3/2/14,cCBiEHRKPeMJ
11,571,Foxl2a and Foxl2b are involved in midbrain-hindbrain boundary development in zebrafish,"J Zhou, YJ Yang, RH Gan, Y Wang, Z Li… - Gene Expression …, 2022 - Elsevier",J Zhou; YJ Yang; RH Gan; Y Wang; Z Li…,NO AUTOCITA,,https://www.sciencedirect.com/science/article/pii/S1567133X22000564,-9uHfcMA8DcJ
12,572,Single-cell transcriptomics of the mouse gonadal soma reveals the establishment of sexual dimorphism in distinct cell lineages,"I Stévant, F Kühne, A Greenfield, MC Chaboissier… - BioRxiv, 2018 - biorxiv.org",I Stévant; F Kühne; A Greenfield; MC Chaboissier…,NO AUTOCITA,,https://www.biorxiv.org/content/10.1101/410407.abstract,pow5RbIeNhYJ
13,573,Culturing Rat Whole Ovary for UV Filter Benzophenone‐3 Treatment,"CG Santamaría, JE Abud, EH Luque… - Current Protocols in …, 2019 - Wiley Online Library",CG Santamaría; JE Abud; EH Luque,NO AUTOCITA,,https://currentprotocols.onlinelibrary.wiley.com/doi/abs/10.1002/cptx.89,SvUOFvcr0OMJ
14,574,Relationship Between Pituitary Gland and Stem Cell in the Aspect of Hormone Production and Disease Prevention: A Narrative Review,"A Sharma, R Kumar, A Saini, W Dagar… - … Metabolic & Immune …, 2025 - benthamdirect.com",A Sharma; R Kumar; A Saini; W Dagar…,NO AUTOCITA,,https://www.benthamdirect.com/content/journals/emiddt/10.2174/0118715303314551241031093717,akNcqOzCqxMJ
15,575,Ovarian reserve,"Z Kiran - Subfertility, 2021 - Elsevier",Z Kiran,NO AUTOCITA,,https://www.sciencedirect.com/science/article/pii/B9780323759458000049,obiNjqdFHboJ
16,576,Development and maldevelopment of the female reproductive system,"DH Castrillon - Gynecologic and Obstetric Pathology, Volume 1, 2019 - Springer",DH Castrillon,NO AUTOCITA,,https://link.springer.com/chapter/10.1007/978-981-13-3016-2_1,EKnnJW4xb_sJ
17,577,Biomolecules of human female fertility-potential therapeutic targets for pharmaceutical design,"Z Huang, E Fragouli, D Wells - Current pharmaceutical design, 2012 - benthamdirect.com",Z Huang; E Fragouli; D Wells,NO AUTOCITA,,https://www.benthamdirect.com/content/journals/cpd/10.2174/138161212799040439,YAByyMBgRbYJ
18,578,Telomeres and reproductive Aging,"S Aydos - Rev. Sel. Top. Telomere Biol, 2012 - books.google.com",S Aydos,NO AUTOCITA,,https://books.google.com/books?hl=en&lr=&id=bcycDwAAQBAJ&oi=fnd&pg=PA149&ots=pbq7FwfXM8&sig=pJGrGRP_eBiEIJz3eeRcsrXUy7o,VikozjFsLLsJ
19,579,Effects of Heyan Kuntai Capsule (和颜坤泰胶囊) on Follicular Development and Oocyte Cohesin Levels in Aged Mice,"B Zhang, N Chu, X Qiu, W Tang, HJ Gober, D Li… - Chinese Journal of …, 2018 - Springer",B Zhang; N Chu; X Qiu; W Tang; HJ Gober; D Li…,NO AUTOCITA,,https://link.springer.com/article/10.1007/s11655-018-2835-3,0ovsxE46EOoJ
20,580,Оценка причин снижения овариального резерва у женщин репродуктивного возраста,"МА Буданова - … теории и практики. Серия: естественные и …, 2021 - scholar.archive.org",МА Буданова,AUTOCITA,МА Буданова,https://scholar.archive.org/work/o4k64773bvfxvawxm2exgan6sq/access/wayback/http://nauteh-journal.ru/files/48523d4b-4d0a-4088-a97e-7b814b921d4f,tTZJ-xY1fVYJ
1,581,From ovarian development to folliculogenesis: essential networks sustaining the ovarian reserve,F Naillat - 2022 - oulurepo.oulu.fi,F Naillat,NO AUTOCITA,,https://oulurepo.oulu.fi/handle/10024/43944,OcSjQfAgjV8J
2,582,Female Infertility and Assisted Reproduction: Impact of Oxidative Stress--An Update,"BJ Premkumar, A Agarwal - Current Women's Health Reviews, 2012 - ingentaconnect.com",BJ Premkumar; A Agarwal,NO AUTOCITA,,https://www.ingentaconnect.com/content/ben/cwhr/2012/00000008/00000003/art00001,5O4BfGpleSIJ
3,583,Functional analysis of Mmd2 and related PAQR genes during sex determination in mice,"L Zhao, E Thomson, ET Ng, E Longmuss… - Sexual …, 2022 - karger.com",L Zhao; E Thomson; ET Ng; E Longmuss…,NO AUTOCITA,,https://karger.com/sxd/article/16/4/270/841562,aXZh1ivbM8gJ
4,584,"Menopausal status and factors affecting cessation of menses in the region of Bonn, Germany","CB Pierl, S Rabstein, V Harth, T Brüning… - … European Journal of …, 2007 - Springer",CB Pierl; S Rabstein; V Harth; T Brüning…,NO AUTOCITA,,https://link.springer.com/article/10.2478/s11536-007-0017-3,S_AhD56XA9oJ
5,585,Revisiting reproduction: What a difference a gene makes,"BD Murphy - Nature Medicine, 2010 - nature.com",BD Murphy,NO AUTOCITA,,https://www.nature.com/articles/nm0510-527,zpaBRr5ufl4J
6,586,Transcriptome evolution of the mammalian germline,N Mbengue - 2025 - archiv.ub.uni-heidelberg.de,N Mbengue,NO AUTOCITA,,https://archiv.ub.uni-heidelberg.de/volltextserver/37220/,nhuW2joPmJ4J
7,587,Comparison of different fertilisation media for an in vitro maturation–fertilisation–culture system using flow-cytometrically sorted X chromosome-bearing spermatozoa …,"LB Ferré, Y Bogliotti, JL Chitwood, C Fresno… - Reproduction, Fertility …, 2016 - connectsci.au",LB Ferré; Y Bogliotti; JL Chitwood; C Fresno,NO AUTOCITA,,https://connectsci.au/rd/article-abstract/28/11/1695/50804,bWc5HyNnWo4J
8,588,Associations between morphometric characteristics of the reproductive tract and fertility in beef cattle,SE Battista - 2019 - rave.ohiolink.edu,SE Battista,NO AUTOCITA,,https://rave.ohiolink.edu/etdc/view?acc_num=osu157471698909519,lWc2ZEQQ0vAJ
9,589,"Non-coding genome, transcription factors, and sex determination","F Poulat - Sexual Development, 2021 - karger.com",F Poulat,NO AUTOCITA,,https://karger.com/sxd/article/15/5-6/295/829211,pAsligBcfDMJ
10,590,Contraception targets in mammalian ovarian development,"EA McLaughlin, AP Sobinoff - Fertility Control, 2010 - Springer",EA McLaughlin; AP Sobinoff,NO AUTOCITA,,https://link.springer.com/chapter/10.1007/978-3-642-02062-9_4,O5LMidOlnKcJ
11,591,Differential expression and genetic polymorphism of DMRT1 and FOXL2 genes in the gonads of Kadaknath chicken,"S Bachamolla, J Sivalingam… - Indian Journal of …, 2024 - researchgate.net",S Bachamolla; J Sivalingam,NO AUTOCITA,,https://www.researchgate.net/profile/Shanmugam-Murugesan-2/publication/382180616_Differential_expression_and_genetic_polymorphism_of_DMRT1_and_FOXL2_genes_in_the_gonads_of_Kadaknath_chicken/links/6690bb7f3e0edb1e0fdd654a/Differential-expression-and-genetic-polymorphism-of-DMRT1-and-FOXL2-genes-in-the-gonads-of-Kadaknath-chicken.pdf,YIGaHb3xtmMJ
12,592,Molecular aspects of follicular development,"Z Huang, D Wells, J Donnez, SS Kim - Princ Pract Fertil Preserv, 2011 - books.google.com",Z Huang; D Wells; J Donnez; SS Kim,NO AUTOCITA,,https://books.google.com/books?hl=en&lr=&id=11sFXv10o6cC&oi=fnd&pg=PA114&ots=6nBB8nBrHq&sig=GEYslY6wGV2xxDmSjUgrwNwvs5Y,7jnNRSuYMTUJ
13,593,Construction Methods and Comparative Research Progress of Premature Ovarian Failure Animal Models,"LI Hongxuan, LI Sihui, F Jiaxin, T Kai, LU Rui… - Laboratory Animal and …, 2021 - slarc.org.cn",LI Hongxuan; LI Sihui; F Jiaxin; T Kai; LU Rui…,NO AUTOCITA,,https://www.slarc.org.cn/dwyx/EN/abstract/abstract4853.shtml,AgyuyZyruJ8J
14,594,Sex differentiation of barramundi lates calcarifer–understanding male sexual development and its manipulation through exogenous steroids and non-steroidal …,TQQ Banh - 2019 - researchonline.jcu.edu.au,TQQ Banh,NO AUTOCITA,,https://researchonline.jcu.edu.au/64547/,WXXMv5iokbIJ
15,595,Gene knockouts that affect female fertility: novel targets for contraception,"RK Naz, B Catalano - Front Biosci (Schol Ed), 2010 - storage.imrpress.com",RK Naz; B Catalano,NO AUTOCITA,,https://storage.imrpress.com/imr/journal/FBS/article/495403/1752777739251.pdf,WOxBCd_8oFgJ
16,596,The initiation and maintenance of a differentiated state in development,"K Javed, JB Gurdon - Developmental biology, 2022 - Elsevier",K Javed; JB Gurdon,NO AUTOCITA,,https://www.sciencedirect.com/science/article/pii/S0012160621002542,y7I2cLatTOMJ
17,597,In vitro embryo production from early antral follicles of goats fed with a whole full-fat linseed based diet,"J Cadenas, NAR Sá, ACA Ferreira, VM Paes… - Zygote, 2022 - cambridge.org",J Cadenas; NAR Sá; ACA Ferreira; VM Paes…,NO AUTOCITA,,https://www.cambridge.org/core/journals/zygote/article/in-vitro-embryo-production-from-early-antral-follicles-of-goats-fed-with-a-whole-fullfat-linseed-based-diet/66728A684BCB4F215F365A6F91CAD7BE,LdJl3RdM2iAJ
18,598,Sex determination and differentiation in mammals,"K Miura, A Tomita, Y Kanai - Reproductive and developmental strategies …, 2018 - Springer",K Miura; A Tomita; Y Kanai,NO AUTOCITA,,https://link.springer.com/chapter/10.1007/978-4-431-56609-0_20,KH6RDYkoNysJ
19,599,Genetic Testing in Disorders of Sexual Development,"V Singh, A Saharan, D Handelsman… - Genetic Testing in …, 2024 - Springer",V Singh; A Saharan; D Handelsman…,NO AUTOCITA,,https://link.springer.com/chapter/10.1007/978-981-99-7028-5_1,KnYXriAxGDwJ
20,600,Modelling ovarian development using human pluripotent stem cells,L Danti - 2025 - openarchive.ki.se,L Danti,NO AUTOCITA,,https://openarchive.ki.se/articles/thesis/Modelling_ovarian_development_using_human_pluripotent_stem_cells/28796849?file=55496867,w8yvS9TVzRoJ
1,601,Strategies for improved diagnosis and clinical management of individuals with Differences of Sex Development (DSD),GK Atlas - 2025 - minerva-access.unimelb.edu.au,GK Atlas,NO AUTOCITA,,https://minerva-access.unimelb.edu.au/items/b35756cf-a94e-4816-a679-d5709c375295,3ii4emr348sJ
2,602,Stage-specific mice ovarian somatic cell is involved in primordial folliculogenesis,"G Li, H Zhang, Y Wang, J Wen, Z Teng… - Front Biosci (Elite …, 2011 - storage.imrpress.com",G Li; H Zhang; Y Wang; J Wen; Z Teng,NO AUTOCITA,,https://storage.imrpress.com/imr/journal/FBE/article/496099/1752780224730.pdf,6UpKbiR-qEsJ
3,603,Oxidative stress is a driver of normal and pathological ovarian aging,"U Luderer - Inflammation, Aging, and Oxidative Stress, 2016 - Springer",U Luderer,NO AUTOCITA,,https://link.springer.com/chapter/10.1007/978-3-319-33486-8_12,c0gRww_MUIgJ
4,604,p27kip1-dependent gene activity within granulosa cells reveals pathways relevant for control of primordial follicle activation in mice,"ER Frost, G Taylor, S Boeing, C Galichet, MA Baker… - bioRxiv, 2022 - biorxiv.org",ER Frost; G Taylor; S Boeing; C Galichet; MA Baker,NO AUTOCITA,,https://www.biorxiv.org/content/10.1101/2022.10.24.513438.abstract,PQfsXrcordgJ
5,605,Ovarian activation delays in peripubertal ewe lambs infected with Haemonchus contortus can be avoided by supplementing protein in their diets,"P Suarez-Henriques… - BMC veterinary …, 2021 - Springer",P Suarez-Henriques,NO AUTOCITA,,https://link.springer.com/article/10.1186/s12917-021-03020-7,xtgmVOYsyHAJ
6,606,Sphingosine Phosphate Enhances Primordial Follicle Activation via LATS Inhibition in the Hippo Signaling Pathway,"Z Huang, X Huang, T Xu, L Weng, J Cai, H Ge - 2024 - assets-eu.researchsquare.com",Z Huang; X Huang; T Xu; L Weng; J Cai; H Ge,NO AUTOCITA,,https://assets-eu.researchsquare.com/files/rs-4567121/v1/0710bc98-2ae4-4bbb-824f-c49232f9affd.pdf,tfU1mzILg7YJ
7,607,Regulation of quiescence and activation of oocyte growth in primordial follicles,"D Adhikari, K Liu - Oogenesis, 2012 - Springer",D Adhikari; K Liu,NO AUTOCITA,,https://link.springer.com/chapter/10.1007/978-0-85729-826-3_4,jXgfo2TSIcwJ
8,608,Sex cord-stromal and miscellaneous tumors of the ovary,"KC Strickland, MR Nucci, KR Lee, CP Crum - Diagnostic Gynecologic and …, 2018 - Elsevier",KC Strickland; MR Nucci; KR Lee; CP Crum,NO AUTOCITA,,https://www.sciencedirect.com/science/article/pii/B9780323447324000273,MTbmTeYBq8MJ
9,609,Characterizing the Role of the DMRT Gene Family in Zebrafish Sexual Development,JS Steinfeld - 2021 - search.proquest.com,JS Steinfeld,NO AUTOCITA,,https://search.proquest.com/openview/072efc68539e03d57366fd4eec99ab11/1?pq-origsite=gscholar&cbl=18750&diss=y,PZfZIjoFi70J
10,610,Early detection and prognosis of colon cancers,"S Baylin, W Van Criekinge, K Schuebel… - US Patent App. 11 …, 2008 - Google Patents",S Baylin; W Van Criekinge; K Schuebel…,NO AUTOCITA,,https://patents.google.com/patent/US20080085867A1/en,_7mE6kRcGPYJ
11,611,Transcriptional control of ovarian development in somatic cells,"C Ottolenghi, M Colombino, L Crisponi… - Seminars in …, 2007 - thieme-connect.com",C Ottolenghi; M Colombino; L Crisponi,NO AUTOCITA,,https://www.thieme-connect.com/products/ejournals/html/10.1055/s-2007-980219,S4JTK5tn2ZcJ
12,612,"Investigation of candidate sex determination and sex differentiation genes in sea lamprey, Petromyzon marinus, and Pacific lamprey, Entosphenus tridentatus",A Khan - 2017 - mspace.lib.umanitoba.ca,A Khan,NO AUTOCITA,,https://mspace.lib.umanitoba.ca/handle/1993/32547,xvJ5Igvzy7oJ
13,613,Regulation of TGFβ/Smad Signalling during early follicle development in the mouse ovary,I Sharum - 2016 - academia.edu,I Sharum,NO AUTOCITA,,https://www.academia.edu/download/112644477/Isam_20Sharum-Submitted_20Thesis.pdf,rzwlGhaiC3wJ
14,614,Genetic background of sex determination and gonadal development disorders,"RP Piprek - Endokrynologia Polska, 2008 - journals.viamedica.pl",RP Piprek,NO AUTOCITA,,https://journals.viamedica.pl/endokrynologia_polska/article/view/25522,sieX3mmQFcsJ
15,615,"It's a Trap! Escape from an ancient, ancestral sex chromosome system and implication of Foxl2 as a primary sex determining gene in a lizard (Anguimorpha; …","BJ Pinto, SV Nielsen, KA Sullivan, A Behere… - bioRxiv, 2023 - biorxiv.org",BJ Pinto; SV Nielsen; KA Sullivan; A Behere,NO AUTOCITA,,https://www.biorxiv.org/content/10.1101/2023.07.05.547803.abstract,wRphNR2gOTgJ
16,616,FOXL2 interaction with different binding partners regulates the dynamics of granulosa cell differentiation across ovarian development,"R Migale, M Neumann, R Mitter, MR Rafiee, S Wood… - bioRxiv, 2023 - biorxiv.org",R Migale; M Neumann; R Mitter; MR Rafiee; S Wood…,NO AUTOCITA,,https://www.biorxiv.org/content/10.1101/2023.04.14.536403.abstract,Oaz86HWg6dYJ
17,617,MicroRNAs and recent insights into pediatric ovarian cancers,"JC Francis, N Kolomeyevskaya, CM Mach… - Frontiers in …, 2013 - frontiersin.org",JC Francis; N Kolomeyevskaya; CM Mach…,NO AUTOCITA,,https://www.frontiersin.org/journals/oncology/articles/10.3389/fonc.2013.00095/full,qvKhgDJ0N7AJ
18,618,"Sexual Differentiation, Gonadal Development, and Development of the External Genitalia: A Review of The Regulation of Sexual","RM Perrett - Clinical Reproductive Science, 2018 - books.google.com",RM Perrett,NO AUTOCITA,,https://books.google.com/books?hl=en&lr=&id=BH5fDwAAQBAJ&oi=fnd&pg=RA1-PA3&ots=jB3k3_1enQ&sig=OXi_hkssyR3BL06t5v-5MnYkENw,lFv_sivz7HAJ
19,619,The role of cell cycle regulation in granulosa cells during mouse ovarian development,ER Frost - 2021 - openresearch.newcastle.edu.au,ER Frost,NO AUTOCITA,,https://openresearch.newcastle.edu.au/ndownloader/files/54406265,o07mUOZYuZcJ
20,620,MicroRNAs control eyelid development through regulating Wnt signaling,"T Nagai, S Trakanant, M Kawasaki… - Developmental …, 2019 - Wiley Online Library",T Nagai; S Trakanant; M Kawasaki…,NO AUTOCITA,,https://anatomypubs.onlinelibrary.wiley.com/doi/abs/10.1002/dvdy.10,AWsSpsmXDeAJ
1,621,MicroRNAs control eyelid development through regulating Wnt signaling,"T Nagai, S Trakanant, M Kawasaki… - Developmental …, 2019 - Wiley Online Library",T Nagai; S Trakanant; M Kawasaki…,NO AUTOCITA,,https://anatomypubs.onlinelibrary.wiley.com/doi/abs/10.1002/dvdy.10,AWsSpsmXDeAJ
2,622,DMRT1 and the road to masculinity,"LL Heckert, VA Agbor - Sertoli Cell Biology, 2015 - Elsevier",LL Heckert; VA Agbor,NO AUTOCITA,,https://www.sciencedirect.com/science/article/pii/B9780124170476000053,tKR9KIR1_3UJ
3,623,Molecular and Cellular Mechanisms Controlling Cumulus Layer Expansion at Ovulation,KF Carvalho - 2024 - search.proquest.com,KF Carvalho,NO AUTOCITA,,https://search.proquest.com/openview/c8918b2b261b7d11b88e2fc3f32e6dfc/1?pq-origsite=gscholar&cbl=18750&diss=y,6N7TUpp3vCwJ
4,624,"Diet\'s protein supplementation and Haemonchus contortus infection relation to the homeostasis, ovarian gene expression and histology of peripubertal ewes",PS Henriques - 2021 - teses.usp.br,PS Henriques,NO AUTOCITA,,https://www.teses.usp.br/teses/disponiveis/11/11139/tde-27052021-161110/en.php,AZ1f0NVyzOMJ
5,625,Polycystic ovary syndrome,"E Carmina - Amenorrhea: A Case-Based, Clinical Guide, 2010 - Springer",E Carmina,NO AUTOCITA,,https://link.springer.com/chapter/10.1007/978-1-60327-864-5_4,N43M_078yqYJ
6,626,青鳉foxl2基因敲除突变体的构建与表型分析,"周运迪， 吴星星， 赵海萍， 罗大极 - 广东海洋大学学报, 2019 - 广东海洋大学学报",周运迪， 吴星星， 赵海萍， 罗大极,AUTOCITA,周运迪， 吴星星， 赵海萍， 罗大极,,Ib51a43KrBEJ
7,627,Influence of the hypogonadism (hgn) locus on female reproduction and ovarian development in an altered genetic background,"H Suzuki, K Daigo, M Okada, M Yagi… - … medicine and biology, 2006 - Springer",H Suzuki; K Daigo; M Okada; M Yagi…,NO AUTOCITA,,https://link.springer.com/article/10.1111/j.1447-0578.2006.00146.x,fik6BpXzokEJ
8,628,HISTOLOGICAL OBSERVATIONS IN HUM AN OVARIES FROM EM BRYONIC TO M ENOPAUSAL AGE,"UR Vanagondi, SD Velichety - Int J Anat Res, 2016 - academia.edu",UR Vanagondi; SD Velichety,NO AUTOCITA,,https://www.academia.edu/download/68592612/38e4b25ba65b2d09e81839a242579fb1ec2d.pdf,rG5DMLCO5lUJ
9,629,Gene expression in oocytes during growth and maturation,"U Eichenlaub-Ritter - In-vitro Maturation of Human Oocytes. London …, 2007 - thaisrm.com",U Eichenlaub-Ritter,NO AUTOCITA,,"https://thaisrm.com/docs/Ri%20Chian%20Book/IVM/In-vitro%20Maturation%20of%20Human%20Oocytes%20(Edited%20by%20Tan,Chian%20&%20Buckett)/04-Human%20Oocytes-chapter04.pdf",_v8PbiD3X3kJ
10,630,Triplet repeat diseases,"SJ Guyenet, AR La Spada - Reviews in Cell Biology and …, 2006 - Wiley Online Library",SJ Guyenet; AR La Spada,NO AUTOCITA,,https://onlinelibrary.wiley.com/doi/abs/10.1002/3527600906.mcb.200500027,E5CxQLIi12gJ
11,631,Methods for the study of gonadal development,"RP Piprek - Molecular Mechanisms of Cell Differentiation in Gonad …, 2016 - Springer",RP Piprek,NO AUTOCITA,,https://link.springer.com/chapter/10.1007/978-3-319-31973-5_14,CU1sewBT-VoJ
12,632,Genetische Ursachen der prämaturen Ovarialinsuffizienz und Ovardysgenesie,"S Ledig, P Wieacker - medizinische genetik, 2011 - Springer",S Ledig; P Wieacker,NO AUTOCITA,,https://link.springer.com/article/10.1007/s11825-011-0270-3,ICH3K4QzIagJ
13,633,The roles of Hippo signaling pathway in mouse ovarian function,T Sun - 2016 - search.proquest.com,T Sun,NO AUTOCITA,,https://search.proquest.com/openview/149cad88015b5a2e328d42676c81858d/1?pq-origsite=gscholar&cbl=18750,kVTvbFYZ6wIJ
14,634,Forkhead Signaling in the Endothelium,"MR Abid, WC Aird - cambridge.org",MR Abid; WC Aird,NO AUTOCITA,,https://www.cambridge.org/core/services/aop-cambridge-core/content/view/A9B3EE0C64ACAF0CA16694D3D2478572,72EEmtek7mYJ
15,635,Next Nanotechnology,"CA Ukwubile, HB Yesufu, RN Okoro, AA Ahuchaogu… - researchgate.net",CA Ukwubile; HB Yesufu; RN Okoro; AA Ahuchaogu…,NO AUTOCITA,,https://www.researchgate.net/profile/Ahamefula-Ahuchaogu/publication/392528292_Chitosan-encapsulated_linoleic_acid_from_Leucaena_leucocephala_Lam_de_Wit_inhibits_FOXL2_mutation_in_MNU-induced_ovarian_granulosa_cell_tumors_in_Wistar_rats/links/6853179b24267473b778be6e/Chitosan-encapsulated-linoleic-acid-from-Leucaena-leucocephala-Lam-de-Wit-inhibits-FOXL2-mutation-in-MNU-induced-ovarian-granulosa-cell-tumors-in-Wistar-rats.pdf,OIFByeoAWaQJ
16,636,The Molecular Basis of Sex Determination and Differentiation: Implications for Understanding DSD,"A Bouty, K Ayers, A Sinclair - … of Sex Development: An Integrated Approach …, 2020 - Springer",A Bouty; K Ayers; A Sinclair,NO AUTOCITA,,https://link.springer.com/chapter/10.1007/978-981-13-7864-5_2,B_Dp9VmaMgEJ
17,637,Efficacy of vitamin D3 insufficiency treatment on pregnancy rate: clinical trial,"IA Fahad, AF Alhasnawi, I Rahim - J Cardiovasc Disease Res, 2020 - researchgate.net",IA Fahad; AF Alhasnawi; I Rahim,NO AUTOCITA,,https://www.researchgate.net/profile/Ali-Ibrahim-Rahim/publication/349053560_Efficacy_of_Vitamin_D3_Insufficiency_Treatment_on_Pregnancy_Rate_Clinical_Trial/links/601d0612458515893980f107/Efficacy-of-Vitamin-D3-Insufficiency-Treatment-on-Pregnancy-Rate-Clinical-Trial.pdf,PDjburYvSqUJ
18,638,FOXL2 represses the testis-specific enhancer of Sox9 to maintain ovary differentiation,S Jakob - 2010 - discovery.ucl.ac.uk,S Jakob,NO AUTOCITA,,https://discovery.ucl.ac.uk/id/eprint/19694/,0wjTVWD3FkEJ
19,639,Sex determination and gonadal development,"A Combes, C Spiller, P Koopman - Oogenesis: The Universal …, 2010 - Wiley Online Library",A Combes; C Spiller; P Koopman,NO AUTOCITA,,https://onlinelibrary.wiley.com/doi/abs/10.1002/9780470687970.ch2,7xZciLS_i7AJ
20,640,Infertility-associated DAZL mutations and their effects on DAZL functions,S Relovská - 2020 - era.ed.ac.uk,S Relovská,NO AUTOCITA,,https://era.ed.ac.uk/bitstreams/dfcfe7af-0f2a-40d5-8570-27d48326154d/download,mBTEfeLZD40J
1,641,"Folliculogenesis and oogenesis in vivo and in vitro, in humans females","JC Sadeu, D Nogueira - Physiologie, pathologie et thérapie de la …, 2011 - Springer",JC Sadeu; D Nogueira,NO AUTOCITA,,https://link.springer.com/chapter/10.1007/978-2-8178-0061-5_1,uwl4IWF0bDEJ
2,642,The science of ovarian ageing–how might knowledge be translated into practice,SG Hillier - 2009 - books.google.com,SG Hillier,NO AUTOCITA,,https://books.google.com/books?hl=en&lr=&id=4CDaAgAAQBAJ&oi=fnd&pg=PA75&ots=H4as9WAhdc&sig=pY_05NzMsJ64IhFeMpx49r0brnk,W4gH4lizoF4J
3,643,Genetics and genomics of early gonad development,"F Ou, Z Wang, J Liao, HC Suen, KK Miu… - Human Reproductive and …, 2023 - Elsevier",F Ou; Z Wang; J Liao; HC Suen; KK Miu…,NO AUTOCITA,,https://www.sciencedirect.com/science/article/pii/B9780323913805000162,GbJ0HsmBXNkJ
4,644,Ruprecht-Karls-University Heidelberg,MSN Mbengue,MSN Mbengue,NO AUTOCITA,,,OIpyfc5eRl0J
5,645,The Molecular Regulation of MAP3K1 in Eyelid Development,EN Geh - 2011 - search.proquest.com,EN Geh,NO AUTOCITA,,https://search.proquest.com/openview/f70ca5db9ad4d4eeb68acc34bcc6459a/1?pq-origsite=gscholar&cbl=18750,qv7CU_SyNzMJ
6,646,"Molecular Studies on Pathogenesis, Prognostic Factors, and New Treatment Options for Ovarian Granulosa Cell Tumors",A Färkkilä - 2012 - helda.helsinki.fi,A Färkkilä,NO AUTOCITA,,https://helda.helsinki.fi/items/00a4cae9-67f2-4fbe-9cc2-9bf75646438f,fmnKbPmfGlkJ
7,647,Long exposure to mature ooplasm can alter DNA methylation at imprinted loci in non-growing oocytes but not in prospermatogonia,"Y Obata, T Wakai, S Hara, T Kono - Reproduction, 2014 - rep.bioscientifica.com",Y Obata; T Wakai; S Hara; T Kono,NO AUTOCITA,,https://rep.bioscientifica.com/view/journals/rep/147/1/H1.xml,x_U-BexUPH8J
8,648,The role of ovarian reserve tests in predicting intra-cytoplasmic sperm injection cycles outcome,"H Al-Taee, Z Al-Khfaji, Z Al-Madfai - Asian Journal of Pharmacy …, 2014 - academia.edu",H Al-Taee; Z Al-Khfaji; Z Al-Madfai,NO AUTOCITA,,https://www.academia.edu/download/83335248/462.pdf,1hBhYlkxmFIJ
9,649,Prise en charge en Assistance médicale à la procréation des femmes de 38 ans et plus: résultats d'une enquête à propos de 84 couples,"C Lamarche, R Lévy, B Felloni, J de Mouzon… - … obstétrique & fertilité, 2007 - Elsevier",C Lamarche; R Lévy; B Felloni; J de Mouzon…,NO AUTOCITA,,https://www.sciencedirect.com/science/article/pii/S1297958907001610,15KmUtTtgRcJ
10,650,Generation of a human ovarian granulosa cell model from induced pluripotent stem cells,"D Hart, DR Gutiérrez, A Biason-Lauber - bioRxiv, 2022 - biorxiv.org",D Hart; DR Gutiérrez; A Biason-Lauber,NO AUTOCITA,,https://www.biorxiv.org/content/10.1101/2022.05.15.491993.abstract,e0gfW9LGZQIJ
11,651,FOXL2——不孕有关的转录因子,"曲中玉， 陈子江 - 生殖与避孕, 2006",曲中玉， 陈子江,AUTOCITA,曲中玉， 陈子江,,c594wNfJftwJ
12,652,Modeling gonadal development and function with human pluripotent stem cells,K Sepponen - 2022 - helda.helsinki.fi,K Sepponen,NO AUTOCITA,,https://helda.helsinki.fi/items/d61c4111-adfd-4715-9d5c-8b064427d94d,qE7NZJ6v9uoJ
13,653,Caractérisation des rôles et des mécanismes d'action de SFRP4 et YAP1 dans l'ovaire murin,M Bérubé - 2025 - umontreal.scholaris.ca,M Bérubé,NO AUTOCITA,,https://umontreal.scholaris.ca/items/80c47832-26ea-4ea4-a759-83e43e282c2b,bY0NnkVgxyAJ
14,654,Live birth from TESA-ICSI in a modified natural cycle− A case report,"S Kumari, G Kacker - Fertility Science and Research, 2018 - journals.lww.com",S Kumari; G Kacker,NO AUTOCITA,,https://journals.lww.com/fsar/fulltext/2018/05010/live_birth_from_tesa_icsi_in_a_modified_natural.9.aspx,0KEmjN5L4UUJ
15,655,-The Natural Life Cycle of the Mammalian Oocyte,"DF Albertini, SD Limback - PreservAtion of HumAn oocytes, 2009 - api.taylorfrancis.com",DF Albertini; SD Limback,NO AUTOCITA,,https://api.taylorfrancis.com/content/chapters/edit/download?identifierName=doi&identifierValue=10.3109/9780203092873-10&type=chapterpdf,G5XMTX7E8r0J
16,656,Nuclear exclusion of SMAD2/3 in granulosa cells is associated with cell proliferation and follicle activation in the mouse ovary.,"K Hardy, JM Mora, C Dunlop… - Journal of Cell …, 2018 - openresearch.surrey.ac.uk",K Hardy; JM Mora; C Dunlop,NO AUTOCITA,,https://openresearch.surrey.ac.uk/esploro/outputs/journalArticle/Nuclear-exclusion-of-SMAD23-in-granulosa-cells-is-associated-with-cell-proliferation-and-follicle-activation-in-the-mouse-ovary/99513493802346,HHYHl4CHQUsJ
17,657,Embryological development of the eye,"DL Guernsey, JM Robitaille, JD Cameron… - … of Ocular Disease …, 2007 - taylorfrancis.com",DL Guernsey; JM Robitaille; JD Cameron…,NO AUTOCITA,,https://www.taylorfrancis.com/chapters/edit/10.1201/9781420093919-27/embryological-development-eye-duane-guernsey-johane-robitaille-douglas-cameron-godfrey-heathcote,Szf3vVrZ-OQJ
18,658,Magnetic resonance imaging study of eye congenital birth defects in mouse model,"JH Lee, Z Tucker, M Mongan, Q Meng… - Molecular …, 2017 - pmc.ncbi.nlm.nih.gov",JH Lee; Z Tucker; M Mongan; Q Meng,NO AUTOCITA,,https://pmc.ncbi.nlm.nih.gov/articles/PMC5561137/,itqsD6_F8c8J
19,659,The Ovary: Physical and Biochemical Properties Controlling Folliculogenesis,N Henning - 2022 - search.proquest.com,N Henning,NO AUTOCITA,,https://search.proquest.com/openview/7c07500111de257030d50ebd9480fb36/1?pq-origsite=gscholar&cbl=18750&diss=y,iQ-_XJca_ekJ
20,660,Genetic defects of female sexual differentiation.,"AB Dessens, MBC Cools, A Richter-Unruh… - 2009 - psycnet.apa.org",AB Dessens; MBC Cools; A Richter-Unruh…,NO AUTOCITA,,https://psycnet.apa.org/record/2012-24621-026,uLQkY8xDiJcJ
1,661,"Role of Wnt4 signaling in mammalian sex determination, ovariogenesis and female sex duct differentiation",R Prunskaite-Hyyryläinen - 2014 - oulurepo.oulu.fi,R Prunskaite-Hyyryläinen,NO AUTOCITA,,https://oulurepo.oulu.fi/handle/10024/35597,OTKqJQdKdQgJ
2,662,Molecular and Cellular Mechanisms Controlling Cumulus Layer Expansion at Ovulation,K Freire Carvalho - 2024 - escholarship.mcgill.ca,K Freire Carvalho,NO AUTOCITA,,https://escholarship.mcgill.ca/concern/theses/w0892h73x,Zd2CWrir0DsJ
3,663,Primary ovarian insufficiency,"AR Cooper, SN Covington, LM Nelson - Amenorrhea: A Case-Based …, 2010 - Springer",AR Cooper; SN Covington; LM Nelson,NO AUTOCITA,,https://link.springer.com/chapter/10.1007/978-1-60327-864-5_5,sp1Ql3XaZSoJ
4,664,Transcription factor GATA4 and apoptotic TRAIL pathway in granulosa cell function and tumors,A Kyrönlahti - 2011 - helda.helsinki.fi,A Kyrönlahti,NO AUTOCITA,,https://helda.helsinki.fi/items/5e09d1d9-c564-4fc2-a438-bf99938c54d1,NGRKBO3j1BUJ
5,665,PROC È S,"LLG Williams, LP Dolenc, P le Greffe, MC Hometowu… - 1963 - ucr.irmct.org",LLG Williams; LP Dolenc; P le Greffe; MC Hometowu…,NO AUTOCITA,,https://ucr.irmct.org/LegalRef/CMSDocStore/Public/French/Transcript/NotIndexable/ICTR-97-20/TRS15386R0000612175.PDF,2XrDdy-SuncJ
6,666,Forkhead 转录因子超家族成员——FOXL2,李武修， 孙岩 - 2006,李武修， 孙岩,AUTOCITA,李武修， 孙岩,,wz0QDaGbru4J
7,667,Forkhead transcription factors in genetic disease,"D Baetens, H Verdin, M Cools, E De Baere - eLS, 2013 - Wiley Online Library",D Baetens; H Verdin; M Cools; E De Baere,NO AUTOCITA,,https://onlinelibrary.wiley.com/doi/abs/10.1002/9780470015902.a0024256,8S2hCRBhJAkJ
8,668,卵巢早衰动物模型构建方法及比较研究进展,"李虹璇， 李思慧， 冯嘉欣， 唐凯， 卢蕊， 韩丝银 - 实验动物与比较医学, 2021 - slarc.org.cn",李虹璇， 李思慧， 冯嘉欣， 唐凯， 卢蕊， 韩丝银,AUTOCITA,李虹璇， 李思慧， 冯嘉欣， 唐凯， 卢蕊， 韩丝银,https://www.slarc.org.cn/dwyx/CN/Y2021/V41/I6/505,OYR8tiske54J
9,669,性别相关基因在牛早期性别发育中的表达规律研究,"徐超， 李凤， 郝海生， 刘岩， 赵学明， 庞云渭， 朱化彬… - 畜牧兽医学报, 2017 - html.rhhz.net",徐超， 李凤， 郝海生， 刘岩， 赵学明， 庞云渭， 朱化彬…,AUTOCITA,徐超， 李凤， 郝海生， 刘岩， 赵学明， 庞云渭， 朱化彬…,https://html.rhhz.net/XMSYXB/html/2017/10/20171012.htm,QzB2dXpaRtUJ
10,670,Notch function in mouse folliculogenesis,J Xu - 2011 - search.proquest.com,J Xu,NO AUTOCITA,,https://search.proquest.com/openview/ae1855192973895d83653309f045e259/1?pq-origsite=gscholar&cbl=18750,8z_G-urhLlQJ
11,671,Age-related hamster mitochondrial changes and oocyte changes following autologous platelet mitochondrial microinjection,F Li - 2011 - search.proquest.com,F Li,NO AUTOCITA,,https://search.proquest.com/openview/fa96e1f288db13e75248c53218901bd8/1?pq-origsite=gscholar&cbl=18750,a2KHWA6aoo4J
12,672,La différenciation ovarienne précoce et son contrôle génétique,"A Baillet, B Mandon-Pépin, R Veitia… - Biologie aujourd' …, 2011 - biologie-journal.org",A Baillet; B Mandon-Pépin; R Veitia,NO AUTOCITA,,https://www.biologie-journal.org/articles/jbio/abs/2011/04/jbio2011021/jbio2011021.html,oQi7iPtkoSoJ
13,673,Establishing and maintaining the mammalian ovarian follicle pool,SK Bristol-Gould - 2006 - search.proquest.com,SK Bristol-Gould,NO AUTOCITA,,https://search.proquest.com/openview/ec42c40aba54791ec90d7b4562abf224/1?pq-origsite=gscholar&cbl=18750&diss=y,VTF0H8sv-H0J
14,674,Ovarian activation delays in peripubertal ewe lambs infected with Haemonchus contortus can be avoided by supplementing protein in their diets,"L Morita-Katiki, SM Tsai, H Louvandini - 2021 - academia.edu",L Morita-Katiki; SM Tsai; H Louvandini,NO AUTOCITA,,https://www.academia.edu/download/125323155/s12917-021-03020-7.pdf,GwWF-dW5XFMJ
15,675,Normal and abnormal female sexual differentiation,"N di Clemente, J Gonzalès, R Rey - Expert Review of Obstetrics & …, 2009 - Taylor & Francis",N di Clemente; J Gonzalès; R Rey,NO AUTOCITA,,https://www.tandfonline.com/doi/abs/10.1586/eog.09.22,0973B1sknLkJ
16,676,Protein Phosphatase 4 (PPP4) Prevents Female Reprogramming in the Mouse Testis After Sex Determination and Protects Male Fertility,"F Han, MZ Dong, WL Lei, ZL Xu, F Gao, H Schatten… - 2021 - scholar.archive.org",F Han; MZ Dong; WL Lei; ZL Xu; F Gao; H Schatten…,NO AUTOCITA,,https://scholar.archive.org/work/27xzqzyrozgsbldr7geb6y6nta/access/wayback/https://assets.researchsquare.com/files/rs-505055/v1/efe70e28-c27a-4a86-b4cf-484e14b20c1e.pdf?c=1621894036,XrYeF7N709UJ
17,677,Cellular and molecular aspects of ovarian follicle ageing,"P Piomboni - Human Reproduction Update, 2008 - academia.edu",P Piomboni,NO AUTOCITA,,https://www.academia.edu/download/45103746/HRU_Ovarian_aging.pdf,WoQYNQxZNW8J
18,678,"Germ Cell Derivation from Pluripotent Stem Cells for Understanding In Vitro Gametogenesis. Cells 2021, 10, 1889","TK Hong, JH Song, SB Lee, JT Do - 2021 - pdfs.semanticscholar.org",TK Hong; JH Song; SB Lee; JT Do,NO AUTOCITA,,https://pdfs.semanticscholar.org/7f1b/ede885149b29398c9453f7b68cc1eee39cd4.pdf,9ReStNL8288J
19,679,Genetyczne podłoże zaburzeń determinacji płci i rozwoju gonad,"RP Piprek - Endokrynologia Polska, 2008 - journals.viamedica.pl",RP Piprek,NO AUTOCITA,,https://journals.viamedica.pl/endokrynologia_polska/article/viewFile/25522/20346I,iKdUhkEz01QJ
20,680,Étude des gènes impliqués dans le déterminisme gonadique chez l'homme,C Hyon - 2016 - theses.hal.science,C Hyon,NO AUTOCITA,,https://theses.hal.science/tel-01539508/,pTdehUsQwZEJ
1,681,EffEcts of sEx stEroid rEcEptor agonists and antagonists on thE ExprEssion of thE foxL2 transcription factor and its targEt gEnEs AMH and CYP19A1 in thE …,"P Witek, N Marek, M Grzesiak, M Słomczyńska… - 2022 - sciendo.com",P Witek; N Marek; M Grzesiak; M Słomczyńska,NO AUTOCITA,,https://sciendo.com/pdf/10.2478/aoas-2021-0037,_FoxRxxweoUJ
2,682,"Developmental dynamics of primordial germ cells, their genetic determinants and role in sex differentiation in Gambusia holbrooki",K Razmi - 2022 - figshare.utas.edu.au,K Razmi,NO AUTOCITA,,https://figshare.utas.edu.au/articles/thesis/Developmental_dynamics_of_primordial_germ_cells_their_genetic_determinants_and_role_in_sex_differentiation_in_Gambusia_holbrooki/23247089,WoDJhWxF-dYJ
3,683,and personal autonomy,"I Segarra, M Menárguez, MV Roqué - farmaceuticoscatolicos.es",I Segarra; M Menárguez; MV Roqué,NO AUTOCITA,,https://farmaceuticoscatolicos.es/wp-content/uploads/2025/11/Efectos-de-los-anticonceptivos.-CASTELLANO.pdf,GKdCA-zgRV8J
4,684,Development of inhibitors targeting cell morphology in Campylobacter jejuni and structural insights into allosteric modulation of FOX transcription factors on TP53 …,최유리 - 2022 - s-space.snu.ac.kr,최유리,AUTOCITA,최유리,https://s-space.snu.ac.kr/handle/10371/181180,YG0BAl0ejxcJ
5,685,年轻女性癌症患者的生育力保存,"严杰， 乔杰 - 国际生殖健康/计划生育杂志, 2011 - gjszjk.ac.cn",严杰， 乔杰,AUTOCITA,严杰， 乔杰,https://www.gjszjk.ac.cn/CN/abstract/abstract747.shtml,32rafbXsX3gJ
6,686,Uticaj smanjene funkcije štitaste žlezde majki na razvoj jajnika mladunaca pacova u ranom postnatalnom periodu,"J Danilović-Luković - Универзитет у Београду, 2017 - nardus.mpn.gov.rs",J Danilović-Luković,NO AUTOCITA,,https://nardus.mpn.gov.rs/handle/123456789/8253,9LSNXYFTdo8J
7,687,"FOXL2, le gardien de l'identité ovarienne","M Pannetier, E Pailhoux - médecine/sciences, 2010 - medecinesciences.org",M Pannetier; E Pailhoux,NO AUTOCITA,,https://www.medecinesciences.org/articles/medsci/full_html/2010/06/medsci2010265p470/medsci2010265p470.html,KW2EzoihhdoJ
8,688,"SPATS1 (spermatogenesis-associated, serine-rich 1) is not essential for spermatogenesis and fertility in mouse","CA Capoano Bevilacqua, LA Ortiz-Laquintana… - 2021 - lareferencia.info",CA Capoano Bevilacqua; LA Ortiz-Laquintana…,NO AUTOCITA,,https://www.lareferencia.info/vufind/Record/UY_9bd1f723f2aa8a2e642c317bcc5d1e67,weEtXoDPK4AJ
9,689,Identification of Regulators of Female Germ Cell Development and Regeneration in the Planarian Schmidtea mediterranea,UW Khan - 2021 - search.proquest.com,UW Khan,NO AUTOCITA,,https://search.proquest.com/openview/c4a4fdd99f2240804ab8a4903c2abe06/1?pq-origsite=gscholar&cbl=18750&diss=y,AE9zwDaRB08J
10,690,两广小花猪FOXL2基因多态性及其与几个重要经济性状的关联分析,"廖伟莉， 张笑科， 曾检华， 阳林芳， 李硕， 胡梦婷… - 畜牧兽医学报, 2023 - html.rhhz.net",廖伟莉， 张笑科， 曾检华， 阳林芳， 李硕， 胡梦婷…,AUTOCITA,廖伟莉， 张笑科， 曾检华， 阳林芳， 李硕， 胡梦婷…,https://html.rhhz.net/XMSYXB/html/2023/3/1679383540034-1453474745.htm,tFZfhc79dwYJ
11,691,Recent advances in understanding primary ovarian insufficiency [version 1; peer review: 3 approved],"V Wesevich, AN Kellen, L Pal - 2020 - pdfs.semanticscholar.org",V Wesevich; AN Kellen; L Pal,NO AUTOCITA,,https://pdfs.semanticscholar.org/0a61/cc32f181f3bb7e0f3a3268b35ffe0d9bebff.pdf,PR6690DrZhQJ
12,692,Des souris et des femmes: une ovogenèse fœtale similaire?,"C Gobé, B Mandon-Pépin - Médecine de la Reproduction, 2019 - stm.cairn.info",C Gobé; B Mandon-Pépin,NO AUTOCITA,,https://stm.cairn.info/revue-medecine-de-la-reproduction-2019-2-page-111,zkFr_3tkrF8J
13,693,"Functional Analysis of Subcortical Maternal Complex Associated Gene, PADI6, in Bovine Oocytes and Embryos",CH Coll - 2020 - etheses.whiterose.ac.uk,CH Coll,NO AUTOCITA,,https://etheses.whiterose.ac.uk/id/eprint/27102/,UZ7l2HttV3gJ
14,694,Odd-skipped related 2 (OSR2) is differentially expressed in high-grade serous ovarian cancers.,S Mamoor - osf.io,S Mamoor,NO AUTOCITA,,https://osf.io/download/uwjt4,g6b9TBSoUFwJ
15,695,The forkhead box L2 transcription factor (FOXL2) is differentially expressed in high-grade serous ovarian cancers.,S Mamoor - osf.io,S Mamoor,NO AUTOCITA,,https://osf.io/download/8nt6v,hLZZ_IZvbkYJ
16,696,Implications for Understanding DSD,"A Bouty, K Ayers, A Sinclair - Disorders| Differences of Sex …, 2020 - books.google.com",A Bouty; K Ayers; A Sinclair,NO AUTOCITA,,https://books.google.com/books?hl=en&lr=&id=c-jqDwAAQBAJ&oi=fnd&pg=PA12&ots=QkwRf0CKX5&sig=FDgl35VoyklO8sRj0YwqebAcA-o,6UtkKraawq4J
17,697,Стране директне инвестиције као фактор јачања конкурентности привреде и предузећа,С Вујовић - 2012 - search.proquest.com,С Вујовић,AUTOCITA,С Вујовић,https://search.proquest.com/openview/42e2ab279bc3692232f70c20dd2f32cd/1?pq-origsite=gscholar&cbl=2026366&diss=y,_yKJqdRSt84J
18,698,Increased FOXL2 Expression Alters Uterine Structures and Functions.,FJ Yao - scholar.archive.org,FJ Yao,NO AUTOCITA,,https://scholar.archive.org/work/5btn7ocagbbvdfg4owl2uuohqa/access/wayback/https://www.biorxiv.org/content/10.1101/2020.03.06.981266v1.full.pdf,BkiSlRC0xY0J
19,699,King's Research Portal,"T Nagai, S Trakanant, M Kawasaki, K Kawasaki… - academia.edu",T Nagai; S Trakanant; M Kawasaki; K Kawasaki,NO AUTOCITA,,https://www.academia.edu/download/72107923/MicroRNAs_control_eyelid_development_NAGAI_Publishedonline4January2019_GREEN_AAM.pdf,pj_Q-GvQ2RoJ
20,700,Recent advances in understanding primary ovarian insufficiency,"W Victoria, AN Kellen, P Lubna - F1000Research, 2020 - search.proquest.com",W Victoria; AN Kellen; P Lubna,NO AUTOCITA,,https://search.proquest.com/openview/0d5d881806d09b5d3c3bd302a133211a/1?pq-origsite=gscholar&cbl=2045578,vq1M7OUBrU0J
1,701,C: CRISPR as a tool for characterising human infertility,"ZE Kherraf, M Christou-Kent - Caractérisation de l'arrêt de la …, 2019 - theses.hal.science",ZE Kherraf; M Christou-Kent,NO AUTOCITA,,https://theses.hal.science/tel-03130592/file/CHRISTOU-KENT_2019_archivage.pdf#page=189,-BgATZ1EDUUJ
2,702,Study of genetic factors and temperature influence on sex determination and differentiation in turbot,DR Sánchez - minerva.usc.es,DR Sánchez,NO AUTOCITA,,https://minerva.usc.es/bitstreams/ae4da3a1-443e-4ced-a899-4ff5f4cd374d/download,dCCDU4_QZZAJ
3,703,"Variations in Menopause Etiology Affect Cognitive Outcomes: How Age, Menopause Type, and Exogenous Ovarian Hormone Exposures Across the Lifespan Impact …",SV Koebele - 2019 - keep.lib.asu.edu,SV Koebele,NO AUTOCITA,,https://keep.lib.asu.edu/items/157626/view,VkzlSaBXTBAJ
4,704,RUNX1 safeguards the identity of the fetal ovary through an interplay with FOXL2,"B Nicol, SA Grimm, F Chalmel, E Lecluze, M Pannetier… - bioRxiv, 2019 - biorxiv.org",B Nicol; SA Grimm; F Chalmel; E Lecluze; M Pannetier,NO AUTOCITA,,https://www.biorxiv.org/content/10.1101/598607.abstract,G1ynMtaBfloJ
5,705,Of Mice and Women: similar fetal oogenesis?,"C Gobé, B Mandon-Pépin - Médecine de la Reproduction, 2019 - jle.com",C Gobé; B Mandon-Pépin,NO AUTOCITA,,https://www.jle.com/en/revues/mtg/e-docs/des_souris_et_des_femmes_une_ovogenese_ftale_similaire__315296/article.phtml?tab=references,-jfim5o4N8AJ
6,706,Ovarian reserve,"P Monget, D Monniaux - Médecine de la Reproduction, 2019 - jle.com",P Monget; D Monniaux,NO AUTOCITA,,https://www.jle.com/en/revues/mtg/e-docs/les_reserves_ovariennes_315297/article.phtml?tab=references,wKRtX-QLgCwJ
7,707,Régulation de la détermination du sexe et de la différenciation ovarienne: implications dans les variations du développement sexuel,"A Perea-Gomez, MC Chaboissier - LE GENRE EN RECHERCHE - torrossa.com",A Perea-Gomez; MC Chaboissier,NO AUTOCITA,,https://www.torrossa.com/gs/resourceProxy?an=5913331&publisher=FZZ759#page=131,4aaybs5K6x8J
8,708,Investigating the Role of the Oocyte and Jag1 in Notch Activation in the Mammalian Ovary,NM Hubbard - 2019 - search.proquest.com,NM Hubbard,NO AUTOCITA,,https://search.proquest.com/openview/224b02042460b6afc89dd255481e2d9b/1?pq-origsite=gscholar&cbl=18750&diss=y,_KWVwLW4kJYJ
9,709,Tissue Specific Gene Expression in Chelydra serpentina,JC Kasanke - 2019 - search.proquest.com,JC Kasanke,NO AUTOCITA,,https://search.proquest.com/openview/fcbdc212c7e53cc9668fe6e34ad84d55/1?pq-origsite=gscholar&cbl=51922&diss=y,vTRjJ4TKVlkJ
10,710,Genetic Analysis of Transcription Factors Involved in Zebrafish Sex Differentiation,M Qin - 2019 - search.proquest.com,M Qin,NO AUTOCITA,,https://search.proquest.com/openview/d26cb8e876255e08d21d818f8631bce5/1?pq-origsite=gscholar&cbl=2026366&diss=y,ICpCZSsUO1EJ
11,711,"Provided for non-commercial research and educational use. Not for reproduction, distribution or commercial use.","D Monniaux, V Cadoret, F Clément, R Dalbies-Tran… - 2019 - researchgate.net",D Monniaux; V Cadoret; F Clément; R Dalbies-Tran…,NO AUTOCITA,,https://www.researchgate.net/profile/Sebastien-Elis/publication/341986744_Folliculogenesis/links/5f8ff3a9458515b7cf90f793/Folliculogenesis.pdf,qnWszGWf6ykJ
12,712,Genetic and Metabolic Markers of Ageing in Sheep Oocytes,C Topipat - 2018 - etheses.whiterose.ac.uk,C Topipat,NO AUTOCITA,,https://etheses.whiterose.ac.uk/id/eprint/22244/1/Topipat_C_Medicine_PhD_2018.pdf,Eymi3nhpN8IJ
13,713,转录调控因子 Fox 的功能及分子机制研究进展,"刘朝阳， 高绘菊， 牟志美， 刘庆信 - 昆虫学报, 2013",刘朝阳， 高绘菊， 牟志美， 刘庆信,AUTOCITA,刘朝阳， 高绘菊， 牟志美， 刘庆信,,IrcvLdC9SDoJ
14,714,"In the chick embryo, estrogen can induce chromosomally male ZZ left gonad epithelial cells to form an ovarian cortex which supports oogenesis","S Guioli, D Zhao, S Nandi, M Clinton, R Lovell-Badge - bioRxiv, 2019 - biorxiv.org",S Guioli; D Zhao; S Nandi; M Clinton; R Lovell-Badge,NO AUTOCITA,,https://www.biorxiv.org/content/10.1101/568691.abstract,LATrgm_HB4kJ
15,715,REGULATION OF GONADAL STEROID SYNTHESIS AND REPRODUCTION: NOVEL ROLES OF HYDROXYSTEROID (17β) DEHYDROGENASE,J Hakkarainen - utupub.fi,J Hakkarainen,NO AUTOCITA,,https://www.utupub.fi/bitstream/handle/10024/144222/AnnalesD1324Hakkarainen.pdf?sequence=1,2iWl0_QI-RMJ
16,716,Investigation of the effects of Anti-Müllerian Hormone on preventing Doxorubicin-induced primordial follicle loss,X Wei - 2018 - ora.ox.ac.uk,X Wei,NO AUTOCITA,,https://ora.ox.ac.uk/objects/uuid:a3805c63-45ff-4abf-a372-f2ee32d23d69,RmkOZk7x8t4J
17,717,"The Impact of Zinc Deficiency during Oogenesis, Follicle Assembly, and Growth",JM Hester - 2018 - search.proquest.com,JM Hester,NO AUTOCITA,,https://search.proquest.com/openview/4c9e9079f91adec783d5b27bef13d85c/1?pq-origsite=gscholar&cbl=18750&diss=y,WX07AdFQpJcJ
18,718,The role of X-chromosome asynapsis in the elimination of murine oocytes,B Vaz - 2018 - search.proquest.com,B Vaz,NO AUTOCITA,,https://search.proquest.com/openview/941a1d4b0d46fd22ddb8f305e8cb3c9c/1?pq-origsite=gscholar&cbl=18750&diss=y,N8raqY7gAWwJ
19,719,A genetic modifier of B6. YPOS gonadal sex reversal on chromosome 13,C Livermore - 2018 - ora.ox.ac.uk,C Livermore,NO AUTOCITA,,https://ora.ox.ac.uk/objects/uuid:c56ec290-688d-457b-9d4c-97dc1ec7fdfa,FNdJ0wnPkmkJ
20,720,"Sequential, Divergent and Cooperative Requirements of Foxl2a and Foxl2b in","YJ Yang, Y Wang, Z Li, L Zhou, JF Gui - 2017 - researchgate.net",YJ Yang; Y Wang; Z Li; L Zhou; JF Gui,NO AUTOCITA,,https://www.researchgate.net/profile/Jian-Fang-Gui/publication/313686360_Sequential_Divergent_and_Cooperative_Requirements_of_Foxl2a_and_Foxl2b_in_Ovary_Development_and_Maintenance_of_Zebrafish/links/592c195caca27295a80eeec4/Sequential-Divergent-and-Cooperative-Requirements-of-Foxl2a-and-Foxl2b-in-Ovary-Development-and-Maintenance-of-Zebrafish.pdf,nmxru_SAWbsJ
1,721,"Sequential, Divergent and Cooperative Requirements of Foxl2a and Foxl2b in","YJ Yang, Y Wang, Z Li, L Zhou, JF Gui - 2017 - researchgate.net",YJ Yang; Y Wang; Z Li; L Zhou; JF Gui,NO AUTOCITA,,https://www.researchgate.net/profile/Jian-Fang-Gui/publication/313686360_Sequential_Divergent_and_Cooperative_Requirements_of_Foxl2a_and_Foxl2b_in_Ovary_Development_and_Maintenance_of_Zebrafish/links/592c195caca27295a80eeec4/Sequential-Divergent-and-Cooperative-Requirements-of-Foxl2a-and-Foxl2b-in-Ovary-Development-and-Maintenance-of-Zebrafish.pdf,nmxru_SAWbsJ
2,722,Disturbed ovarian differentiation in XX; SRY-negative dogs,R Payan-Carreira - 2019 - dspace.uevora.pt,R Payan-Carreira,NO AUTOCITA,,https://dspace.uevora.pt/rdpc/handle/10174/25528,hZoPKXU5BBcJ
3,723,Pathogenesis and Treatment of Disorders of Sexual Development,"RV Pieretti, PK Donahoe - Endocrine Surgery in Children, 2017 - Springer",RV Pieretti; PK Donahoe,NO AUTOCITA,,https://link.springer.com/chapter/10.1007/978-3-662-54256-9_18,_wGeYjn3aSwJ
4,724,Effect of Mesenchymal Stem Cells on Equine Ovarian Follicular Development and Gene Expression,ST Grady - 2017 - oaktrust.library.tamu.edu,ST Grady,NO AUTOCITA,,https://oaktrust.library.tamu.edu/items/3e182a3f-ffe0-4d2f-9eef-f78953e28297,OcF0HZ_bPaMJ
5,725,Stepwise approach to oocyte depletion in Sry mutated XY female mice,"A Sakashita, T Wakai, Y Kawabata, C Nishimura… - bioRxiv, 2017 - biorxiv.org",A Sakashita; T Wakai; Y Kawabata; C Nishimura…,NO AUTOCITA,,https://www.biorxiv.org/content/10.1101/146571.abstract,eH82v-UFXQsJ
6,726,The role of vasorin in ovarian physiology and female fertility,N Rimon - 2017 - search.proquest.com,N Rimon,NO AUTOCITA,,https://search.proquest.com/openview/57d5a68df80573393d767d0dcf20b8de/1?pq-origsite=gscholar&cbl=2026366&diss=y,PWX3Vpsel5IJ
7,727,Sex Determination,"SJ Potter, DL Kumar, T DeFalco - … of the Testis …, 2017 - Springer International Publishing",SJ Potter; DL Kumar; T DeFalco,NO AUTOCITA,,,W6fPfF0aglgJ
8,728,Male Sexual Differentiation,"CH Sterling, D Wilhelm… - … of the Testis …, 2017 - Springer International Publishing",CH Sterling; D Wilhelm,NO AUTOCITA,,,OjYgzdOfnBYJ
9,729,Exploring the role of the Phosphatidylinositol-3'-Kinase (PI3K) pathway in primordial follicle activation and subsequent development,SC Spence - 2016 - era.ed.ac.uk,SC Spence,NO AUTOCITA,,https://era.ed.ac.uk/bitstreams/1cf86a81-1210-4269-84c0-5c1e9cedf866/download,D25G_Q13NMoJ
10,730,DNA damage response in in vitro matured oocytes,E Atamian - 2016 - search.proquest.com,E Atamian,NO AUTOCITA,,https://search.proquest.com/openview/88f2c9c72507c5982d4b806ebdfbff2b/1?pq-origsite=gscholar&cbl=18750,-mwFA4gg8Q8J
11,731,"Le facteur de transcription FOXL2: Un acteur clé de la différenciation de l'ovaire, de son maintien et de la fertilité","RA Veitia - Bulletin de l'Académie Nationale de Médecine, 2016 - Elsevier",RA Veitia,NO AUTOCITA,,https://www.sciencedirect.com/science/article/pii/S0001407919306545,rwVztmrBV7wJ
12,732,De novo assembled transcriptome of organs involved in reproduction in an endangered endemic Iberian cyprinid fish (Squalius pyrenaicus).,"MP Machado, J Pinho, AR Grosso, M Schartl… - researchgate.net",MP Machado; J Pinho; AR Grosso; M Schartl,NO AUTOCITA,,https://www.researchgate.net/profile/Miguel-Machado-6/publication/282858808_MP_Machado_2015_Molecular_Ecology_Resources_S_pyrenaicus_transcriptome/links/561f9e8008aed8dd19402119/MP-Machado-2015-Molecular-Ecology-Resources-S-pyrenaicus-transcriptome.pdf,fzHte4EunrMJ
13,733,Characterisation of testis-and ovary-specific long non-coding RNAs,JX Yang - 2015 - scholar.archive.org,JX Yang,NO AUTOCITA,,https://scholar.archive.org/work/kz266djwinhxlccjh3kb4qvhbe/access/wayback/https://au-east.erc.monash.edu.au/fpfiles/16417934/4711810_monash_162314.pdf,lHBKvxFVKMMJ
14,734,TARGETED GENE DISRUPTION REVEALS THE AUTOSOMAL GSDF AS A MALE SEX INITIATOR IN MEDAKA,Z XI - 2015 - scholarbank.nus.edu.sg,Z XI,NO AUTOCITA,,https://scholarbank.nus.edu.sg/entities/publication/4234ea34-14d2-42fb-b291-fff3d2643e70,g2suthCy1nEJ
15,735,Exploring Sexual Differentiation in the Tammar Wallaby Using Transcriptomics,JYL Kwok - 2015 - search.proquest.com,JYL Kwok,NO AUTOCITA,,https://search.proquest.com/openview/7a6babcaa3816547f8858b90dabb43f6/1?pq-origsite=gscholar&cbl=18750&diss=y,GNg5HI9SGMkJ
16,736,Genetics of the ovarian reserve,"A FORABOSCO - Frontiers in Genetics, 2015 - academia.edu",A FORABOSCO,NO AUTOCITA,,https://www.academia.edu/download/112599347/67b7a177c2ac91767d598021c292d98340f2.pdf,ypNMiTqNYbgJ
17,737,Novel roles for intra-and extra-follicular factors during ovulation and oocyte growth,S El-Hayek - 2015 - search.proquest.com,S El-Hayek,NO AUTOCITA,,https://search.proquest.com/openview/593c8f4fde4b300627d3420e3634094a/1?pq-origsite=gscholar&cbl=18750&diss=y,TpGvisBZi_0J
18,738,A Potential Mechanism for Follicle Activation in Zebrafish-The Role of IGF-I/Ybx1 in the Primary Growth Follicle of Zebrafish,L Zhang - 2015 - search.proquest.com,L Zhang,NO AUTOCITA,,https://search.proquest.com/openview/cc44fb2f0274029f53e05e8b3b9183d2/1?pq-origsite=gscholar&cbl=18750,RC5ZhIKtQtcJ
19,739,Mechanism of Bone Morphogenetic Protein-2 regulation of primordial follicle formation and development,P Chakraborty - 2015 - search.proquest.com,P Chakraborty,NO AUTOCITA,,https://search.proquest.com/openview/56ac5458b6470da826f5913543103934/1?pq-origsite=gscholar&cbl=18750,ku4VcBWS7ZMJ
20,740,"HMG Advance Access published February 15, 2015","B Bellessort, A Bachelot, É Heude, G Alfama… - 2015 - Citeseer",B Bellessort; A Bachelot; É Heude; G Alfama…,NO AUTOCITA,,,sTVLdrLz8zwJ
1,741,"Department of Molecular and Integrative Physiology, University of Kansas Medical Center, Kansas City, KS","LL Heckert, VA Agbor - Sertoli Cell Biology, 2015 - academia.edu",LL Heckert; VA Agbor,NO AUTOCITA,,https://www.academia.edu/download/49086666/2015SertoliCellBiology2.PDF#page=142,FVzzzoyOPCwJ
2,742,Determine the developmental dynamics of primordial follicles in the mouse ovary,W Zheng - 2014 - gupea.ub.gu.se,W Zheng,NO AUTOCITA,,https://gupea.ub.gu.se/items/180278b0-a3f5-4f09-8722-3b9b2dc2f5e0,t1UCIu6I2NkJ
3,743,FUNCTIONAL GENOMIC ANALYSIS OF GONAD DEVELOPMENT IN THE PROTANDROUS ASIAN SEABASS,J JUNHUI - 2014 - scholarbank.nus.edu.sg,J JUNHUI,NO AUTOCITA,,https://scholarbank.nus.edu.sg/entities/publication/7edea083-61c9-4d55-9deb-08a8912b5ca4,BFH7gPe2JGAJ
4,744,"Détermination du Sexe, Différenciation de la Lignée Germinale, Epigénétique et Fertilité",M Pannetier - 2022 - hal.science,M Pannetier,NO AUTOCITA,,https://hal.science/tel-04295545/,wufOVzQzSRIJ
5,745,"Genetic networks and epigenetic mechanisms of temperature-dependent sex determination in the red-eared slider turtle, Trachemys scripta",Y Matsumoto - 2014 - repositories.lib.utexas.edu,Y Matsumoto,NO AUTOCITA,,https://repositories.lib.utexas.edu/items/f07906cb-97f9-4ebb-acd9-451c6f0aa9b9,nu2HjaUNDfUJ
6,746,Molecular mechanisms of ovarian follicular development and early embryogenesis,N Gorre - 2014 - gupea.ub.gu.se,N Gorre,NO AUTOCITA,,https://gupea.ub.gu.se/server/api/core/bitstreams/680abd03-8de8-47c5-853e-1d0084d85d5d/content,v-5pLe3BkNwJ
7,747,"Jing Yuan, Wenjing Tao, Yunying","BH Cheng, D Wang - Fish Physiol Biochem, 2014 - researchgate.net",BH Cheng; D Wang,NO AUTOCITA,,https://www.researchgate.net/profile/Deshou-Wang/publication/260196063_Genome-wide_identification_phylogeny_and_gonadal_expression_of_fox_genes_in_Nile_tilapia_Oreochromis_niloticus/links/550832470cf27e990e093c1b/Genome-wide-identification-phylogeny-and-gonadal-expression-of-fox-genes-in-Nile-tilapia-Oreochromis-niloticus.pdf,YlHmbPQeN5sJ
8,748,Regulation of pituitary gonadotropin synthesis and fertility by gonadotropin-releasing hormone and activin signaling,J Fortin - 2014 - search.proquest.com,J Fortin,NO AUTOCITA,,https://search.proquest.com/openview/d02cdb5ed406a369560437bf1b94c75b/1?pq-origsite=gscholar&cbl=18750&diss=y,bthZloHLc1cJ
9,749,The potential role of hypoxia inducible factor 1 alpha in multipotent germ cells and neural stem/progenitor cells,N Takahashi - 2014 - search.proquest.com,N Takahashi,NO AUTOCITA,,https://search.proquest.com/openview/505b616d85b004f151f704ac220b89ff/1?pq-origsite=gscholar&cbl=18750,4Ru-_GKzySwJ
10,750,Fine Time Course Expression Analysis Identifies Cascades of Activation and Repression and,"SC Munger, A Natarajan, LL Looger, U Ohler, B Capel - 2013 - academia.edu",SC Munger; A Natarajan; LL Looger; U Ohler; B Capel,NO AUTOCITA,,https://www.academia.edu/download/49532396/Fine_Time_Course_Expression_Analysis_Ide20161011-2806-a7slts.pdf,E6wg5F3m5QgJ
11,751,Effects of maternal aging on localizations and expression levels of DNA methyltransferases and chromosome architecture in in-vivo matured mouse oocytes,"N Tian, L Zhang, DY Lü, JG Zheng, WY Ma… - Chinese Science Bulletin, 2013 - Springer",N Tian; L Zhang; DY Lü; JG Zheng; WY Ma…,NO AUTOCITA,,https://link.springer.com/article/10.1007/s11434-013-5935-7,k4P05MRmN1kJ
12,752,The Influence of Parental Factors on the Growth and Metabolism of Children,T Savage - 2013 - researchspace.auckland.ac.nz,T Savage,NO AUTOCITA,,https://researchspace.auckland.ac.nz/server/api/core/bitstreams/613628ee-5592-4e24-9fd8-34a017080710/content,rYrT8xU9CZ8J
13,753,FOXL2 在正常宫颈及宫颈癌组织中的表达及临床意义,"王娟娟， 朱安颖， 张英辉， 徐景波， 郑涵曦， 金李晨… - 中国计划生育和妇产科, 2015",王娟娟， 朱安颖， 张英辉， 徐景波， 郑涵曦， 金李晨…,AUTOCITA,王娟娟， 朱安颖， 张英辉， 徐景波， 郑涵曦， 金李晨…,,F2zfSoj-Q2QJ
14,754,Selecting and Screening Recipients: Diminished Ovarian Reserve and Premature Ovarian Failure,"H Cakmak, MP Rosen - Principles of Oocyte and Embryo Donation, 2013 - Springer",H Cakmak; MP Rosen,NO AUTOCITA,,https://link.springer.com/chapter/10.1007/978-1-4471-2392-7_5,LUXgyU0nc_8J
15,755,Cibles et voies de signalisation régulées par FOXL2 au cours de la morphogenèse ovarienne,M El Zaiat - 2015 - theses.hal.science,M El Zaiat,NO AUTOCITA,,https://theses.hal.science/tel-01382367/,mjf1KmJQoMgJ
16,756,The Role of FOXL2 in the Pathogenesis of Ovarian Granulosa Cell Tumours,R Rosario - 2013 - researchspace.auckland.ac.nz,R Rosario,NO AUTOCITA,,https://researchspace.auckland.ac.nz/server/api/core/bitstreams/b2081767-858c-4bf0-8781-4137e58abf85/content,786q_aLx7NsJ
17,757,"Research Article Perimenopause Amelioration of a TCM Recipe Composed of Radix Astragali, Radix Angelicae Sinensis, and Folium Epimedii: An In Vivo …","JY Su, QF Xie, WJ Liu, P Lai, DD Liu, LH Tang… - 2013 - academia.edu",JY Su; QF Xie; WJ Liu; P Lai; DD Liu; LH Tang…,NO AUTOCITA,,https://www.academia.edu/download/92551685/747240.pdf,u6oh5hlUWL4J
18,758,"The Autonomy of Follicle Biology: Applying Ovarian Follicle Culture to Model Development, Differentiation and Transformation",RM Skory - 2013 - search.proquest.com,RM Skory,NO AUTOCITA,,https://search.proquest.com/openview/bff6237c9fc6228295a8ae7e68aeb88e/1?pq-origsite=gscholar&cbl=18750,G8Zypm5s-Z0J
19,759,Oestrogen Dependent Regulation of Gonadal Fate,"AJ Pask - State of the Art of Therapeutic Endocrinology, 2012 - books.google.com",AJ Pask,NO AUTOCITA,,https://books.google.com/books?hl=en&lr=&id=5xOeDwAAQBAJ&oi=fnd&pg=PA173&ots=zS4gfxmaG3&sig=SxH-yPn4Ru57CtyoKId8ogGLyrc,Jn0GXDHTscAJ
20,760,Endocrine Disruptors: Passage and Actions in Human Placenta,B Balakrishnan - 2012 - researchspace.auckland.ac.nz,B Balakrishnan,NO AUTOCITA,,https://researchspace.auckland.ac.nz/server/api/core/bitstreams/335885b8-c269-4664-b798-dec09de0a6b0/content,fdDJLerLheoJ
1,761,基因 foxl2 的结构及表达调控,"刘晓玲， 刘建国， 张志峰 - Periodical of Ocean University of China, 2013 - sciengine.com",刘晓玲， 刘建国， 张志峰,AUTOCITA,刘晓玲， 刘建国， 张志峰,https://www.sciengine.com/POUC/doi/10.16441/j.cnki.hdxb.2013.03.006,5u9Kwly52bsJ
2,762,The relationship of gender and disorders of sex development with congenital diaphragmatic hernia in the rat nitrofen model,MG Connell - 2012 - livrepository.liverpool.ac.uk,MG Connell,NO AUTOCITA,,https://livrepository.liverpool.ac.uk/3062852/1/27655615.pdf,tVb8okFqzuwJ
3,763,How can a person with two X chromosomes develop into a man?,"E Mahdi, K Fariba - Annals of Biological Research, 2012 - academia.edu",E Mahdi; K Fariba,NO AUTOCITA,,https://www.academia.edu/download/13126354/ABR-2012-3-1-651-659.pdf,D5ORcCcBksEJ
4,764,Runt-related transcription factor (Runx) 1 and Runx2 in the periovulatory ovary,E Park - 2012 - search.proquest.com,E Park,NO AUTOCITA,,https://search.proquest.com/openview/3058de51891617521ee7d56bcbdf5dea/1?pq-origsite=gscholar&cbl=18750,gQwjgo7wTa4J
5,765,Mechanisms of FOXL2 regulated gene expression: A structural perspective,V Libasci - 2012 - escholarship.mcgill.ca,V Libasci,NO AUTOCITA,,https://escholarship.mcgill.ca/concern/theses/5425kf46k,t9o4CwY-AgoJ
6,766,Roles of Wnt4/5a in germ cell differentiation and gonad development & ErbB4 in polarity of kidney epithelium,F Naillat - 2011 - oulurepo.oulu.fi,F Naillat,NO AUTOCITA,,https://oulurepo.oulu.fi/handle/10024/37440,sb05TZQXE40J
7,767,"Génétique de la différenciation gonadique, une étape clé du déterminisme du sexe et de la fertilité à l'âge adulte","É Dujardin, É Pailhoux - Médecine de la Reproduction, 2022 - stm.cairn.info",É Dujardin; É Pailhoux,NO AUTOCITA,,https://stm.cairn.info/revue-medecine-de-la-reproduction-2022-2-page-194,BKUCUc1TOYcJ
8,768,Fertility Preservation in Young Female Cancer Patients,"YAN Jie, Q Jie - Journal of International Reproductive Health/Family …, 2011 - gjszjk.ac.cn",YAN Jie; Q Jie,NO AUTOCITA,,https://www.gjszjk.ac.cn/EN/abstract/abstract747.shtml,CeAdEbk9b4EJ
9,769,Sex-specific gene expression in embryonic mouse germ cells during commitment to spermatogenesis or oogenesis,LJE Lewis - 2011 - era.ed.ac.uk,LJE Lewis,NO AUTOCITA,,https://era.ed.ac.uk/handle/1842/5543,i0BUKH9_nsAJ
10,770,Genetic causes of premature ovarian insufficiency and ovarian dysgenesis,"S Ledig, P Wieacker - Medizinische Genetik, 2011 - hero.epa.gov",S Ledig; P Wieacker,NO AUTOCITA,,https://hero.epa.gov/hero/index.cfm/reference/details/reference_id/7397832,Tae4EWq3y64J
11,771,维持原始卵泡静息状态的相关信号分子及通路,"胡燎燎， 向晟， 郑莉萍 - 生理学报, 2015",胡燎燎， 向晟， 郑莉萍,AUTOCITA,胡燎燎， 向晟， 郑莉萍,,H8Kxzy8ojS0J
12,772,卵巢功能早衰动物模型建立方法的研究进展,"向澜， 姚广涛， 李瑞霞， 张杰， 黄元泽 - 中国药学杂志, 2015",向澜， 姚广涛， 李瑞霞， 张杰， 黄元泽,AUTOCITA,向澜， 姚广涛， 李瑞霞， 张杰， 黄元泽,,ezjPZWjLo1QJ
13,773,Genetics of gonadal differentiation: A key step in sex determination and adult fertility,"É Dujardin, É Pailhoux - Médecine de la Reproduction, 2022 - stm.cairn.info",É Dujardin; É Pailhoux,NO AUTOCITA,,https://stm.cairn.info/journal-medecine-de-la-reproduction-2022-2-page-194?tab=resume,oltdr9EfUZ0J
14,774,Morphogenesis and Female Fate Determination in the Vertebrate Ovary,LA Mork - 2011 - search.proquest.com,LA Mork,NO AUTOCITA,,https://search.proquest.com/openview/81659dc5aab023a91b61bbdc12bbf78f/1?pq-origsite=gscholar&cbl=18750,GrlPP-0atFIJ
15,775,Hormonal regulation of FSH beta-subunit gene expression,A Hambarchyan - 2011 - search.proquest.com,A Hambarchyan,NO AUTOCITA,,https://search.proquest.com/openview/b9964da19041623390884a268b641961/1?pq-origsite=gscholar&cbl=18750,Agm1ywZ_NxoJ
16,776,"The role of the Fused toes locus containing Iroquois homeobox gene 3, 5, and 6 and Ftm, Fto, and Fts during ovary and testis development in mice",BK Kim - 2010 - ideals.illinois.edu,BK Kim,NO AUTOCITA,,https://www.ideals.illinois.edu/items/17084,7mhUUM2od2gJ
17,777,Differential Activities of FOXL2 and Its Mutants on SF-1-Induced CYP19 Transcriptional Activation,"박미라， 김아영， 나순영， 김홍만… - Development & …, 2010 - db.koreascholar.com",박미라， 김아영， 나순영， 김홍만…,AUTOCITA,박미라， 김아영， 나순영， 김홍만…,https://db.koreascholar.com/Article/Detail/1484,GN0Fj_62dJEJ
18,778,Evolutionary Genomics of Sex Determination in Domestic Animals,"E Pailhoux, C Cotinot - Reproductive Genomics in Domestic …, 2010 - Wiley Online Library",E Pailhoux; C Cotinot,NO AUTOCITA,,https://onlinelibrary.wiley.com/doi/pdf/10.1002/9780813810898#page=367,iLqulXcO6IQJ
19,779,The role of TGFβ signaling in ovarian development and follicle assembly in the American alligator,BC Moore - 2009 - search.proquest.com,BC Moore,NO AUTOCITA,,https://search.proquest.com/openview/67b1d0a7b7fe8b30c92b0b68da09c594/1?pq-origsite=gscholar&cbl=18750,TttUNpwHEQIJ
20,780,"TX 77055 (ZL, MDR, IH-G, IG-H, H-YF, JSR)","Z Liu, MD Rudd, I Hernandez-Gonzalez… - 2009 - researchgate.net",Z Liu; MD Rudd; I Hernandez-Gonzalez…,NO AUTOCITA,,https://www.researchgate.net/profile/Zhilin-Liu-14/publication/23983197_FSH_and_FOXO1_Regulate_Genes_in_the_SterolSteroid_and_Lipid_Biosynthetic_Pathways_in_Granulosa_Cells/links/09e4150e120650a0f6000000/FSH-and-FOXO1-Regulate-Genes-in-the-Sterol-Steroid-and-Lipid-Biosynthetic-Pathways-in-Granulosa-Cells.pdf,TuGxdN1mYf8J
1,781,Sense and antisense Foxl2 transcripts in mouse,"M Pannetier - Genomics, 2005 - academia.edu",M Pannetier,NO AUTOCITA,,https://www.academia.edu/download/47836518/j.ygeno.2005.01.00720160806-28571-1emm4dn.pdf,qIYyvsWt1dkJ
2,782,Conditional strategies to study gene function during gonadal development in mammals,AJ Tye - 2008 - search.proquest.com,AJ Tye,NO AUTOCITA,,https://search.proquest.com/openview/8139055c1c2417ea1f761ff8f641648f/1?pq-origsite=gscholar&cbl=2026366,0EXWaPEOabMJ
3,783,Transcriptional repression in ovarian granulosa cells,AD Burkart - 2005 - search.proquest.com,AD Burkart,NO AUTOCITA,,https://search.proquest.com/openview/1dd90029b0f8376b53aad29f96bd1085/1?pq-origsite=gscholar&cbl=18750&diss=y,OG7P2HUXm6sJ
4,784,Foxl2 up-regulates aromatase gene transcription in a female-specific manner by binding to the promoter as well as interacting with Ad4 binding protein/steroidogenic …,"T Kobayashi, LY Zhou… - Molecular …, 2007 - kyushu-u.elsevierpure.com",T Kobayashi; LY Zhou…,NO AUTOCITA,,https://kyushu-u.elsevierpure.com/en/publications/foxl2-up-regulates-aromatase-gene-transcription-in-a-female-speci/,NCJmQT8T2qkJ
5,785,Differential Functional Effects of Novel Mutations of the Transcription Factor FOXL2 in BPES Patients,"S Krishnaswamy, P Sundaresan, RA Veitia - 2008 - academia.edu",S Krishnaswamy; P Sundaresan; RA Veitia,NO AUTOCITA,,https://www.academia.edu/download/51965458/Differential_functional_effects_of_novel20170228-7740-1fo00pz.pdf,_Vh5-cVHCocJ
6,786,Expression of FoxL2 in the murine ovary: A forkhead protein implicated in premature ovarian failure,JL Haller - 2005 - search.proquest.com,JL Haller,NO AUTOCITA,,https://search.proquest.com/openview/b06c42971745dabca51c56811ec1e86c/1?pq-origsite=gscholar&cbl=18750&diss=y,ELLEAIOFoYYJ
7,787,Ocular Birth Defects: New Research,"IA Chaudhry, E Elzaridi, YO Arat… - Focus on Birth Defects …, 2006 - books.google.com",IA Chaudhry; E Elzaridi; YO Arat…,NO AUTOCITA,,https://books.google.com/books?hl=en&lr=&id=h9yR4ZR7DwcC&oi=fnd&pg=PA1&ots=zzwgv3lHQT&sig=QUarNdUqjDcgfX9PuvbtKWpF6KM,-76Ar_sX2F8J
8,788,The importance of comparative physiology: a focus on ovarian biology and the role of animal models.,"CM Komar - CABI Reviews, 2007 - cabidigitallibrary.org",CM Komar,NO AUTOCITA,,https://www.cabidigitallibrary.org/doi/abs/10.1079/PAVSNNR20072025,2idj6gOwmzsJ
9,789,Embryological Development of the Eye,"GK Klintworth, A Garner - Garner and Klintworth's …, 2008 - api.taylorfrancis.com",GK Klintworth; A Garner,NO AUTOCITA,,https://api.taylorfrancis.com/content/chapters/edit/download?identifierName=doi&identifierValue=10.3109/9781420020977-59&type=chapterpdf,VY816i3rqTUJ
10,790,Ovarian Function and Failure: The Role of the Oocyte and Its Molecules,"LL Kujjo, GI Perez - Reproductive Endocrinology: A Molecular Approach, 2009 - Springer",LL Kujjo; GI Perez,NO AUTOCITA,,https://link.springer.com/chapter/10.1007/978-0-387-88186-7_25,s0JluyFDCQMJ
11,791,Role of TrkB in neonatal ovary development,TRM Lannagan - 2009 - era.ed.ac.uk,TRM Lannagan,NO AUTOCITA,,https://era.ed.ac.uk/handle/1842/4147,yGY7AgdYngEJ
12,792,来航鸡 FOXL2 基因的克隆与序列分析,"徐萍， 李任峰， 赵坤， 王三虎， 何宏轩， 鲁毅 - 黑龙江畜牧兽医, 2012",徐萍， 李任峰， 赵坤， 王三虎， 何宏轩， 鲁毅,AUTOCITA,徐萍， 李任峰， 赵坤， 王三虎， 何宏轩， 鲁毅,,Oy9tEFlHGIoJ
13,793,FOXL2 与脊椎动物性别决定研究进展,"鲁毅， 李任峰， 徐萍， 李学斌， 刘卫， 王三虎 - 河南农业科学, 2012 - hnnykx.org.cn",鲁毅， 李任峰， 徐萍， 李学斌， 刘卫， 王三虎,AUTOCITA,鲁毅， 李任峰， 徐萍， 李学斌， 刘卫， 王三虎,https://www.hnnykx.org.cn/EN/abstract/abstract1005.shtml,SSzHoQ5gHTwJ
14,794,定量检测牛雌性发育候选基因 FOXL2 表达方法的建立,"徐超， 杜卫华， 赵家平， 余大为， 王栋， 郝海生， 李光玉… - 中国畜牧兽医, 2012",徐超， 杜卫华， 赵家平， 余大为， 王栋， 郝海生， 李光玉…,AUTOCITA,徐超， 杜卫华， 赵家平， 余大为， 王栋， 郝海生， 李光玉…,,vCCRoJcnYz0J
15,795,Prematür ovaryan yetmezlikle XPD ve XRCC1 DNA tamir gen polimorfizminin ilişkisi,Ç Doğan - 2011 - search.proquest.com,Ç Doğan,NO AUTOCITA,,https://search.proquest.com/openview/2221ea9473a06ce08c81d444589506de/1?pq-origsite=gscholar&cbl=2026366&diss=y,_1MJHk5oDRsJ
16,796,生殖细胞早期发生与减数分裂启动调节机制的研究进展,"张连君， 张西锋， 陈波， 冯艳敏， 沈伟 - 青岛农业大学学报: 自然科学版, 2011",张连君， 张西锋， 陈波， 冯艳敏， 沈伟,AUTOCITA,张连君， 张西锋， 陈波， 冯艳敏， 沈伟,,ZJFQQgL8zgYJ
17,797,卵分泌因子による卵巣顆粒膜細胞の分化制御機構,伊藤遥， 杉浦幸二 - 2021 - fa.jmor.jp,伊藤遥， 杉浦幸二,AUTOCITA,伊藤遥， 杉浦幸二,http://fa.jmor.jp/pdf/38/1/038010031.pdf,LDs6YOgG6cgJ
18,798,Suche eines Kandidatengens für das Branchio-Oculo-Facial-Syndrom durch genomweites Screening,E Guillén Posteguillo - 2007 - d-nb.info,E Guillén Posteguillo,NO AUTOCITA,,https://d-nb.info/99741393X/34,2RDvTR-9TWEJ
19,799,Έκφραση γονιδίων σε κοκκώδη κύτταρα μικρών και μεγάλων ωοθυλακίων έπειτα από διέγερση,Α Χριστοδουλάκη - repo.lib.duth.gr,Α Χριστοδουλάκη,AUTOCITA,Α Χριστοδουλάκη,https://repo.lib.duth.gr/jspui/handle/123456789/11393,A20DbSzrwGcJ
20,800,Ανίχνευση παθογενετικών μηχανισμών που οδηγούν στην πρώιμη ωοθηλακική ωρίμανση: υπάρχει κοινό γενετικό υπόβαθρο στην πρώιμη ωοθηκική ανεπάρκεια και το …,Ν Θανάτσης - 2020 - didaktorika.gr,Ν Θανάτσης,AUTOCITA,Ν Θανάτσης,https://www.didaktorika.gr/eadd/handle/10442/47234,pBROt_i79R8J
1,801,Έκφραση γονιδίων σε κοκκώδη κύτταρα μικρών και μεγάλων ωοθυλακίων έπειτα από διέγερση,Α Χριστοδουλάκη - repo.lib.duth.gr,Α Χριστοδουλάκη,AUTOCITA,Α Χριστοδουλάκη,https://repo.lib.duth.gr/jspui/handle/123456789/11393,A20DbSzrwGcJ
2,802,Ανίχνευση παθογενετικών μηχανισμών που οδηγούν στην πρώιμη ωοθηλακική ωρίμανση: υπάρχει κοινό γενετικό υπόβαθρο στην πρώιμη ωοθηκική ανεπάρκεια και το …,Ν Θανάτσης - 2020 - didaktorika.gr,Ν Θανάτσης,AUTOCITA,Ν Θανάτσης,https://www.didaktorika.gr/eadd/handle/10442/47234,pBROt_i79R8J
3,803,Sertoli–Leydigzelltumoren des Ovars: Analyse des Dicer1–und Foxl2–Mutationstatus,JSL Keul - 2020 - d-nb.info,JSL Keul,NO AUTOCITA,,https://d-nb.info/122792478X/34,ue3NSiwvyzMJ
4,804,Les réserves ovariennes,"P Monget, D Monniaux - Médecine de la Reproduction, 2019 - stm.cairn.info",P Monget; D Monniaux,NO AUTOCITA,,https://stm.cairn.info/revue-medecine-de-la-reproduction-2019-2-page-127,86MLgDsusqwJ
5,805,Génotoxicité des rayonnements ionisants au cours de l'ovogenèse chez les mammifères,V Puy - 2021 - theses.hal.science,V Puy,NO AUTOCITA,,https://theses.hal.science/tel-04322529/,67QC6wmWUTEJ
6,806,Analyses of gene regulatory networks involved in murine oocyte formation (マウス卵子形成に要する遺伝子制御ネットワークの解析),福田胡桃， フクダクルミ - ir.soken.ac.jp,福田胡桃， フクダクルミ,AUTOCITA,福田胡桃， フクダクルミ,https://ir.soken.ac.jp/record/5956/files/A2086%E6%9C%AC%E6%96%87.pdf,Ql6W95fMen8J
7,807,GENES ENVOLVIDOS NA DETERMINAÇÃO E DIFERENCIAÇÃO SEXUAL,"MS Guaragna, H Fabbri-Scallet… - Menino ou Menina? Os …, 2019 - books.google.com",MS Guaragna; H Fabbri-Scallet…,NO AUTOCITA,,https://books.google.com/books?hl=en&lr=&id=Bx6TDwAAQBAJ&oi=fnd&pg=PT28&ots=W-zTG1RRos&sig=R_yw5K4iSrFv6koFugbXLaaIUC4,7eLyEceoZesJ
8,808,卵分泌因子とエストロゲンによる卵巣顆粒膜細胞の発達制御に関する研究,江森千紘 - (No Title) - repository.dl.itc.u-tokyo.ac.jp,江森千紘,AUTOCITA,江森千紘,https://repository.dl.itc.u-tokyo.ac.jp/record/48517/files/A32638.pdf,XQQwOOpLI3UJ
9,809,SECUENCIACIÓN DE SIGUIENTE GENERACIÓN EN MUJERES AFECTADAS POR FALLA OVÁRICA PREMATURA NO SINDRÓMICA PARA LA …,"ADEJR VILLANUEVA, DEL ROSARIO…",ADEJR VILLANUEVA; DEL ROSARIO…,NO AUTOCITA,,,CLobJcmxASwJ
10,810,哺乳類新生仔期の卵巣におけるオートファジーの生理的役割とそれを利用した原始卵胞数の上方制御法の開発,渡辺連 - 2018 - Iwate University,渡辺連,AUTOCITA,渡辺連,,2exLpW-mnC8J
11,811,LA VARIANTE c.-9C> G DEL PROMOTOR DE BMP15 ESTÁ ASOCIADADA A LA ETIOLOGÍA DE LA FALLA OVÁRICA PREMATURA NO-SINDRÓMICA,"AMO VANEGAS, MENG HUMANA",AMO VANEGAS; MENG HUMANA,NO AUTOCITA,,,LYUC5ERTPvAJ
12,812,哺乳動物における卵胞発育および排卵制御機構の内分泌学的解析,岡本麻子， オカモトアサコ - 2018,岡本麻子， オカモトアサコ,AUTOCITA,岡本麻子， オカモトアサコ,,lGaKJev9JL8J
13,813,תוירופבו תיתלחשה היגולויזיפב ןירוזו לש דיקפתה הבקנה The Role of Vasorin in Ovarian Physiology and Female Fertility‎,N Rimon-Dahari - 2017 - weizmann.esploro.exlibrisgroup.com,N Rimon-Dahari,NO AUTOCITA,,https://weizmann.esploro.exlibrisgroup.com/view/pdfCoverPage?instCode=972WIS_INST&filePid=1375014110003596&download=true,IUyQSAnROkMJ
14,814,"Expresión de PCNA, Cldn11, AR, PDGFRα y FoxL2 en ovoteste durante el ciclo reproductivo de T. occidentalis",MC Garrido Navas - 2016 - digibug.ugr.es,MC Garrido Navas,NO AUTOCITA,,https://digibug.ugr.es/handle/10481/43946,BPDJXE8usDUJ
15,815,Uticaj Smanjene Funkcije Štitaste Žlezde Majki na Razvoj Jajnika Mladunaca Pacova u Ranom Postnatalnom Periodu,JBD Luković - 2017 - search.proquest.com,JBD Luković,NO AUTOCITA,,https://search.proquest.com/openview/02bea0ddebb375c5eb9754eeebe2cfa4/1?pq-origsite=gscholar&cbl=2026366&diss=y,Zh3L6Sfn4MYJ
16,816,Effects of deoxynivalenol and deepoxy-deoxynivalenol on bovine ovarian theca cell function,MA Torabi - 2017 - umontreal.scholaris.ca,MA Torabi,NO AUTOCITA,,https://umontreal.scholaris.ca/items/137492ab-c836-4127-a511-9021643f8366,3kFoS-YVBGUJ
17,817,妇科养荣胶囊改善化疗所致小鼠卵巢功能损伤的效果,"蒲静， 杨延周， 谢人明， 马会明， 马文智， 常青， 孙苗… - 生殖与避孕, 2016",蒲静， 杨延周， 谢人明， 马会明， 马文智， 常青， 孙苗…,AUTOCITA,蒲静， 杨延周， 谢人明， 马会明， 马文智， 常青， 孙苗…,,j-iwGtJdNU0J
18,818,Rspo1 在雌性脊椎动物性别分化中的功能,"方梦蝶， 张衍梅， 王孝举 - 中国生物化学与分子生物学报, 2015",方梦蝶， 张衍梅， 王孝举,AUTOCITA,方梦蝶， 张衍梅， 王孝举,,uxuoU6hjcNsJ
19,819,"Гени, пов'язані з передчасним виснаженням яєчників","ОА Шепель, ТВ Блашків… - … проблем біології і …, 2015 - cyberleninka.ru",ОА Шепель; ТВ Блашків…,AUTOCITA,ОА Шепель,https://cyberleninka.ru/article/n/geni-pov-yazani-z-peredchasnim-visnazhennyam-yaechnikiv,s3HQJPP4QFYJ
20,820,Función de Gadd45g en el sistema inmunológico y desarrollo embrionario,L González Silva - 2015 - docta.ucm.es,L González Silva,NO AUTOCITA,,https://docta.ucm.es/bitstreams/7098aab2-94bb-4695-b569-1966de23b9b0/download,bVB1HCZwWpEJ
1,821,Foliküler aktivasyonu etkileyen transkripsiyon faktörleri,"İ Ünlüsoy, O Ertuğrul - Lalahan Hayvancılık Araştırma Enstitüsü …, 2014 - dergipark.org.tr",İ Ünlüsoy; O Ertuğrul,NO AUTOCITA,,https://dergipark.org.tr/en/pub/lahaed/article/465333,i5E6IJjFN7sJ
2,822,Analyse phénotypique et génétique des patients pédiatriques présentant un déficit hypophysaire associé à des anomalies oculaires,S Castets - 2014 - bibnum.univ-lyon1.fr,S Castets,NO AUTOCITA,,https://bibnum.univ-lyon1.fr/nuxeo/nxfile/default/d2d95b37-a10a-472e-94e1-2cd057825c2a/blobholder:0/THm_2014_CASTETS_Sarah.pdf,Q4ZWH8hhyscJ
3,823,B4 insuficiency,"L Persani, S Sherman, L Nelson - … of the Oocyte: Role in Fertility …, 2013 - books.google.com",L Persani; S Sherman; L Nelson,NO AUTOCITA,,https://books.google.com/books?hl=en&lr=&id=9bX1AAAAQBAJ&oi=fnd&pg=PA394&ots=Y1jefq_J4K&sig=9bykzCRdrncAiYP87ObyNppoBfE,HFQdZaaVj2sJ
4,824,Régulation des jonctions communicantes chez les complexes ovocyte-cumulus de porc au cours de la maturation in vitro,N Santiquet - 2013 - corpus.ulaval.ca,N Santiquet,NO AUTOCITA,,https://corpus.ulaval.ca/entities/publication/0eaf0499-9fea-4ec8-b962-08b48dc87f74,9_aOe52-EnAJ
5,825,Foxl2 regulation and function in gonadotropes,SLM Tran - 2013 - escholarship.mcgill.ca,SLM Tran,NO AUTOCITA,,https://escholarship.mcgill.ca/concern/theses/qn59q773c,Xxzc7_FA8iUJ
6,826,Oocyte gene targets of the H3 lysine specific demethylase 1A (KDM1A) are involved in embryo development and transgenerational inheritance,G Chountalos - 2013 - escholarship.mcgill.ca,G Chountalos,NO AUTOCITA,,https://escholarship.mcgill.ca/concern/theses/g732dd36g,ovaEDkVgFBgJ
7,827,先天性睑裂狭小基因 FOXL2 与卵巢早衰相关性的研究进展,"黄琴， 明蕾， 杨菁 - 生殖医学杂志, 2012",黄琴， 明蕾， 杨菁,AUTOCITA,黄琴， 明蕾， 杨菁,,8kHdBfBFMmoJ
8,828,Polimorfizmi gena uključenih u metabolizam folata kao rizični čimbenici trisomije 21: doktorski rad,J Vraneković - 2012 - repository.svkri.uniri.hr,J Vraneković,NO AUTOCITA,,https://repository.svkri.uniri.hr/object/svkri:2715/FILE0/download,6rXZJ1xahzkJ
9,829,卵巣の分化と抗精巣遺伝子,"関戸良平 - 日本生殖内分泌学会雑誌= Japanese journal of …, 2012 - jsre.umin.jp",関戸良平,AUTOCITA,関戸良平,https://jsre.umin.jp/12_17kan/12_17kan_01_review1.pdf,H2PcMbYg8SgJ
10,830,Роль Foxl-2 в развитии и патологии гонад,"F Jaubert, L Galmiche, S Lortat-Jacob, JC Fournet… - Архив патологии, 2011 - elibrary.ru",F Jaubert; L Galmiche; S Lortat-Jacob; JC Fournet…,NO AUTOCITA,,https://elibrary.ru/item.asp?id=16905346,ZEoH_9DYu_gJ
11,831,FOXL2 酵母双杂交诱饵载体构建及检测,"张伟， 黄旭东， 韩小波， 任珊珊， 王小柯， 李艳艳… - 生物技术, 2011",张伟， 黄旭东， 韩小波， 任珊珊， 王小柯， 李艳艳…,AUTOCITA,张伟， 黄旭东， 韩小波， 任珊珊， 王小柯， 李艳艳…,,sEaMt3hlSx0J
12,832,Studio di macchinari molecolari in ovociti umani,MR Guglielmino - 2011 - tesidottorato.depositolegale.it,MR Guglielmino,NO AUTOCITA,,https://tesidottorato.depositolegale.it/handle/20.500.14242/248550,N2S99GIvFY8J
13,833,Estudio molecular de los genes CDKN1B y CITED2 en mujeres con falla ovárica prematura idiopática,D Armando - 2011 - academia.edu,D Armando,NO AUTOCITA,,https://www.academia.edu/download/117448561/1052378915-2014.pdf,fBG_cgJmAZsJ
14,834,Eingrenzung der Kandidatengenregion für das Branchio-Okulo-Faziale-Syndrom mittels erweiterter Segregationsanalyse,"J Reiber - 2010 - Ulm, Univ., Diss., 2010",J Reiber,NO AUTOCITA,,,mZLNax2HNxkJ
15,835,Pró-Reitoria de Pós-Graduação e Pesquisa Faculdade de Veterinária Programa de Pós-Graduação em Ciências Veterinárias,"RR MOURA, P EM, F DOADORAS… - 2005 - uece.br",RR MOURA; P EM; F DOADORAS…,NO AUTOCITA,,http://www.uece.br/wp-content/uploads/sites/6/2022/05/M%C3%A1rcia-Helena-Niza-Ramalho-Sobral_Disserta%C3%A7%C3%A3o.pdf,-7RcRh8k_5oJ
16,836,Analyse génétique des insuffisances ovariennes prématurées: implication des gènes forkhead et TGF-β,"B Lakhal, P Laissue, H Elghèzal, M Fellous - Gynécologie obstétrique & …, 2008 - Elsevier",B Lakhal; P Laissue; H Elghèzal; M Fellous,NO AUTOCITA,,https://www.sciencedirect.com/science/article/pii/S1297958908003147,LdR1JkWZmGsJ
17,837,Les gènes et l'insuffisance ovarienne prématurée,"AC Reyss, S Christin-Maitre - Médecine Thérapeutique/médecine de la …, 2006 - jle.com",AC Reyss; S Christin-Maitre,NO AUTOCITA,,https://www.jle.com/en/revues/mtm/e-docs/les_genes_et_linsuffisance_ovarienne_prematuree_268679/article.phtml?cle_doc=00041987,vqbSbfk2oDwJ
18,838,Cambios epigenéticos inducidos por el envejecimiento en el oocito de ratón,IMM Peña - 2008 - repositorio.uam.es,IMM Peña,NO AUTOCITA,,https://repositorio.uam.es/bitstreams/e37cf4e5-4fc9-42a9-bb2a-a92c54e961f2/download,TswLGHPlbw4J
19,839,両生類生殖腺の雌化遺伝子 CYP19 の発現機構に関する研究,大島裕希 - 2008 - Waseda University,大島裕希,AUTOCITA,大島裕希,,2wC-TR1N1wgJ
20,840,Aging in the hypothalamic–pituitary–ovarian axis,"G Neal-Perry, NF Santoro - Knobil and Neill's physiology of reproduction, 2006 - Elsevier",G Neal-Perry; NF Santoro,NO AUTOCITA,,,kF9pv5ggP6UJ
1,841,Cambios epigenéticos inducidos por el envejecimiento en el oocito de ratón,IMM Peña - 2008 - repositorio.uam.es,IMM Peña,NO AUTOCITA,,https://repositorio.uam.es/bitstreams/e37cf4e5-4fc9-42a9-bb2a-a92c54e961f2/download,TswLGHPlbw4J
2,842,両生類生殖腺の雌化遺伝子 CYP19 の発現機構に関する研究,大島裕希 - 2008 - Waseda University,大島裕希,AUTOCITA,大島裕希,,2wC-TR1N1wgJ
3,843,Aging in the hypothalamic–pituitary–ovarian axis,"G Neal-Perry, NF Santoro - Knobil and Neill's physiology of reproduction, 2006 - Elsevier",G Neal-Perry; NF Santoro,NO AUTOCITA,,,kF9pv5ggP6UJ
4,844,Современный взгляд на овариальный резерв у женщин репродуктивного возраста с эндометриоидными кистами яичников (обзор литературы),"ЕС Филиппова, ИФ Козаченко, АГ Быков… - Проблемы …, 2017 - elibrary.ru",ЕС Филиппова; ИФ Козаченко; АГ Быков…,AUTOCITA,ЕС Филиппова,https://elibrary.ru/item.asp?id=29156393,MtoNOMbJ2lIJ
5,845,Disorders of sexual development,"RV Pieretti, PK Donahoe - Pediatric surgery, 2012 - cir.nii.ac.jp",RV Pieretti; PK Donahoe,NO AUTOCITA,,https://cir.nii.ac.jp/crid/1361137046467113344,FY014Lp2NYsJ
6,846,In-vitro maturation of human oocytes: basic science to clinical application,"SL Tan, R Chian, WM Buckett - (No Title), 2007 - cir.nii.ac.jp",SL Tan; R Chian; WM Buckett,NO AUTOCITA,,https://cir.nii.ac.jp/crid/1971149384781411881,VrYGDXMo7QQJ
7,847,"Oocytes, Metabolism and DNA Repair: Elucidating the Interplay in a Translational Ageing Model",H NEWMAN - 2024 - bridges.monash.edu,H NEWMAN,NO AUTOCITA,,https://bridges.monash.edu/articles/thesis/Oocytes_Metabolism_and_DNA_Repair_Elucidating_the_Interplay_in_a_Translational_Ageing_Model/27617607,MWdfL4ULuoAJ
8,848,Genes and Gene Defects Affecting Gonad Development and Primary Sex Determination,"D Wilhelm, MC Chaboissier, S Nef - 2015 - Elsevier",D Wilhelm; MC Chaboissier; S Nef,NO AUTOCITA,,,zpOT4HKLvBoJ
9,849,The use of stem cells for treatment of premature ovulation failure and generation of oocytes,"D Al Jaroudi, D Ali - Rep Sys Sex Dis Int J, 2017",D Al Jaroudi; D Ali,NO AUTOCITA,,,FMrxbjJa4SYJ
10,850,High genetic heterogeneity of premature ovarian insufficiency,"G Mukerjee, R Dorfman - J IHP, 2014",G Mukerjee; R Dorfman,NO AUTOCITA,,,37SRUSlBdKUJ
11,851,Modeling the Mammalian Ovary: a Cell-based Computational Model of Early Ovarian Development in Mice and Preliminary Data for a Model of …,HM Wear - 2016 - Oregon Health & Science University,HM Wear,NO AUTOCITA,,,fjxA8QY0fVYJ
12,852,What is oocyte quality,"RL Krisher - Joint Convention, 2014",RL Krisher,NO AUTOCITA,,,vC1_mfi63OsJ
13,853,Role of nucleic acid binding proteins in oocyte development and female fertility,GN Subramanian - 2020 - espace.library.uq.edu.au,GN Subramanian,NO AUTOCITA,,https://espace.library.uq.edu.au/view/UQ:e710dbd,OH4uO_yIFCIJ
14,854,Fertilization peculiarities of human oocytes during assisted reproduction according to their morphological features and patients' ovarian reserve,G Ingilizova - 2019,G Ingilizova,NO AUTOCITA,,,ukx4NQwdTfQJ
15,855,Live birth from TESA-ICSI in a modified natural cycle− A,"S Kumari, G Kacker - 2019",S Kumari; G Kacker,NO AUTOCITA,,,PLXSTzCqybAJ
16,856,Male mice grow ovaries after single gene tweak,M Broadfoot,M Broadfoot,NO AUTOCITA,,,Qc298XmRoSIJ
17,857,Sexually Dimorphic Expression of Foxl2 and Ftz-F1 in Chinese Giant Salamander Andrias,"Q HU, YAN MENG, H TIAN, YU ZHANG, H XIAO",Q HU; YAN MENG; H TIAN; YU ZHANG; H XIAO,NO AUTOCITA,,,ubEqwxTRNewJ
18,858,"Mutations involving FIBULIN2 are a novel cause of 46, XY DSD","ABC Palka, A Mohn, V Chiavaroli, FCR Brauner…",ABC Palka; A Mohn; V Chiavaroli; FCR Brauner…,NO AUTOCITA,,,6ivgrPy9xdgJ
19,859,VALIDACIÓN FUNCIONAL DE VARIANTES EN LHCGR EN PACIENTES CON FALLA OVÁRICA PREMATURA NO SINDRÓMICA,"KMJ RODRIGUEZ, MENG HUMANA",KMJ RODRIGUEZ; MENG HUMANA,NO AUTOCITA,,,UQoFWwQILwIJ
20,860,"Blepharophimosis, Ptosis, and Epicanthus Inversus",FAG Product,FAG Product,NO AUTOCITA,,,LZAT4q4bKJEJ
1,861,Oestrogen Dependent Regulation of Gonadal Fate,A John Pask - State of the Art of Therapeutic Endocrinology,A John Pask,NO AUTOCITA,,,ku8ow68rUt4J
2,862,"Πίνακας συνδρόμων που έχουν συνδεθεί με 46, XX πρωτοπαθή ωοθηκική ανεπάρκεια",L da Vinci,L da Vinci,NO AUTOCITA,,,_mjYn_ep4G8J
3,863,IMPLICACIÓN FUNCIONAL DE LA MUTACIÓN,"IOPNO SINDRÓMICA, DFS GUZMÁN…",IOPNO SINDRÓMICA; DFS GUZMÁN…,NO AUTOCITA,,,YpYleyvdptcJ
4,864,ΙΣΤΟΡΙΑ ΤΟΥ ΘΥΡΕΟΕΙΔΟΥΣ,L da Vinci,L da Vinci,NO AUTOCITA,,,Uus_KMEgi9AJ
5,865,Foxl2 基因对小鼠软骨及骨发育的调控研究,"薛建利 - 实用骨科杂志, 2017",薛建利,AUTOCITA,薛建利,,Dp41dIlkc4sJ
6,866,"VERGELIJKING VAN DE GENETISCHE ASPECTEN VAN DE GESLACHTSBEPALING TUSSEN VISSEN, AMFIBIEËN, REPTIELEN, VOGELS EN …",A BLOEMEN - 2013,A BLOEMEN,NO AUTOCITA,,,kx78dSmxw0oJ
7,867,APOPTOSI NEL GAMETE FEMMINILE: ANALISI DEI GENI DEL MACCHINARIO NELL'OVOCITA UMANO E NELLE CELLULE DEL CUMULO,M Santonocito - 2012 - Manuela Santonocito,M Santonocito,NO AUTOCITA,,,89dUfkEcXtoJ
8,868,CONCENTRAZIONI INTRAFOLLICOLARI DELL'ORMONE ANTI-MULLERIANO COME INDICE PREDITTIVO DI QUALITÀ OVOCITARIA E SVILUPPO …,PE METODI,PE METODI,NO AUTOCITA,,,lZ8ARbu1MdkJ
